-- MariaDB dump 10.19  Distrib 10.4.32-MariaDB, for Win64 (AMD64)
--
-- Host: localhost    Database: processos
-- ------------------------------------------------------
-- Server version	10.4.32-MariaDB

/*!40101 SET @OLD_CHARACTER_SET_CLIENT=@@CHARACTER_SET_CLIENT */;
/*!40101 SET @OLD_CHARACTER_SET_RESULTS=@@CHARACTER_SET_RESULTS */;
/*!40101 SET @OLD_COLLATION_CONNECTION=@@COLLATION_CONNECTION */;
/*!40101 SET NAMES utf8mb4 */;
/*!40103 SET @OLD_TIME_ZONE=@@TIME_ZONE */;
/*!40103 SET TIME_ZONE='+00:00' */;
/*!40014 SET @OLD_UNIQUE_CHECKS=@@UNIQUE_CHECKS, UNIQUE_CHECKS=0 */;
/*!40014 SET @OLD_FOREIGN_KEY_CHECKS=@@FOREIGN_KEY_CHECKS, FOREIGN_KEY_CHECKS=0 */;
/*!40101 SET @OLD_SQL_MODE=@@SQL_MODE, SQL_MODE='NO_AUTO_VALUE_ON_ZERO' */;
/*!40111 SET @OLD_SQL_NOTES=@@SQL_NOTES, SQL_NOTES=0 */;

--
-- Table structure for table `classes`
--

DROP TABLE IF EXISTS `classes`;
/*!40101 SET @saved_cs_client     = @@character_set_client */;
/*!40101 SET character_set_client = utf8 */;
CREATE TABLE `classes` (
  `id` int(11) NOT NULL,
  `idnumerodoprocesso` int(11) NOT NULL,
  `statusprocesso` int(11) NOT NULL,
  PRIMARY KEY (`id`)
) ENGINE=InnoDB DEFAULT CHARSET=utf8mb4 COLLATE=utf8mb4_general_ci;
/*!40101 SET character_set_client = @saved_cs_client */;

--
-- Dumping data for table `classes`
--

LOCK TABLES `classes` WRITE;
/*!40000 ALTER TABLE `classes` DISABLE KEYS */;
/*!40000 ALTER TABLE `classes` ENABLE KEYS */;
UNLOCK TABLES;

--
-- Table structure for table `fluxo`
--

DROP TABLE IF EXISTS `fluxo`;
/*!40101 SET @saved_cs_client     = @@character_set_client */;
/*!40101 SET character_set_client = utf8 */;
CREATE TABLE `fluxo` (
  `id` int(11) NOT NULL AUTO_INCREMENT,
  `statusprocesso_id` int(11) NOT NULL,
  `pergunta` varchar(255) DEFAULT NULL,
  `sim` int(11) DEFAULT NULL,
  `nao` int(11) DEFAULT NULL,
  `modelo` varchar(255) DEFAULT NULL,
  `perguntas_selecionadas` longtext CHARACTER SET utf8mb4 COLLATE utf8mb4_bin DEFAULT NULL CHECK (json_valid(`perguntas_selecionadas`)),
  PRIMARY KEY (`id`,`statusprocesso_id`)
) ENGINE=InnoDB AUTO_INCREMENT=40 DEFAULT CHARSET=utf8 COLLATE=utf8_general_ci;
/*!40101 SET character_set_client = @saved_cs_client */;

--
-- Dumping data for table `fluxo`
--

LOCK TABLES `fluxo` WRITE;
/*!40000 ALTER TABLE `fluxo` DISABLE KEYS */;
INSERT INTO `fluxo` VALUES (1,1,'Recolheu Custas?',2,3,NULL,NULL),(2,1,'Tem Pedido de Tutela de Urgência?',4,5,NULL,NULL),(3,1,'Tem Pedido de AJG?',6,7,NULL,NULL),(4,1,'Minutar Decisão Urgência',NULL,NULL,NULL,NULL),(5,1,'Citação (Modelo) PJE',NULL,NULL,'1',NULL),(6,1,'Juntou Doc. / Tem Direito?',8,9,NULL,NULL),(7,1,'Intimar p/ $, sob Pena de Cancelamento da Distribuição (Modelo)',NULL,NULL,'2',NULL),(8,1,'Defere AJG',NULL,NULL,NULL,NULL),(9,1,'Intimar p/ Comprovar',10,11,NULL,NULL),(10,1,'Modelo Pessoa Física',NULL,12,'16',NULL),(11,1,'Modelo Pessoa Jurídica',NULL,13,'17',NULL),(12,1,'Comprovou?',36,37,NULL,NULL),(13,1,'Comprovou?',38,39,NULL,NULL),(14,2,'A Parte Foi Citada?',15,16,NULL,NULL),(15,2,'Apresentou Contestação?',17,18,NULL,NULL),(16,2,'Despacho Busca de Endereço / Despacho Citação por Edital',NULL,NULL,'3',NULL),(17,2,'O Veículo Foi Apreendido?',19,20,NULL,NULL),(18,2,'O Veículo Foi Apreendido?',25,26,NULL,NULL),(19,2,'Purgou a Mora?',21,23,NULL,NULL),(20,2,'Purgou a Mora?',22,24,NULL,NULL),(21,2,'Com Contestação / Carro Apreendido e Quando o Réu Purga a Mora',NULL,NULL,'4',NULL),(22,2,'Com Contestação / Carro não Apreendido e Quando o Réu Purga a Mora',NULL,NULL,'5',NULL),(23,2,'Com Contestação / Carro Apreendido',NULL,NULL,'6',NULL),(24,2,'Com Contestação / Carro não Apreendido',NULL,NULL,'7',NULL),(25,2,'Revelia / Carro Apreendido',NULL,NULL,'8',NULL),(26,2,'Revelia / Carro não Apreendido',NULL,NULL,'9',NULL),(27,3,'Teve Contraditório?',28,29,NULL,NULL),(28,3,'Qual a Alegação?',30,31,NULL,NULL),(29,3,'Intimar p/ Manifestação',NULL,NULL,NULL,NULL),(30,3,'Salário ou Proventos de Aposentadoria?',32,33,NULL,NULL),(31,3,'Poupança ou Quantia Recebida por Liberalidade de Terceiro?',34,35,NULL,NULL),(32,3,'Salário',NULL,NULL,'10',NULL),(33,3,'Proventos de Aposentadoria',NULL,NULL,'11',NULL),(34,3,'Poupança (<40 Salários Mínimos)',NULL,NULL,'12',NULL),(35,3,'Quantia Recebida por Liberalidade de Terceiro',NULL,NULL,'13',NULL),(36,1,'Defere AJG',NULL,NULL,NULL,NULL),(37,1,'Decisão - INDEFERE AJG - Pessoa Física',NULL,NULL,'14',NULL),(38,1,'Defere AJG',NULL,NULL,NULL,NULL),(39,1,'Decisão - INDEFERE AJG - Pessoa Jurídica',NULL,NULL,'15',NULL);
/*!40000 ALTER TABLE `fluxo` ENABLE KEYS */;
UNLOCK TABLES;

--
-- Table structure for table `migrations`
--

DROP TABLE IF EXISTS `migrations`;
/*!40101 SET @saved_cs_client     = @@character_set_client */;
/*!40101 SET character_set_client = utf8 */;
CREATE TABLE `migrations` (
  `id` int(10) unsigned NOT NULL AUTO_INCREMENT,
  `migration` varchar(255) NOT NULL,
  `batch` int(11) NOT NULL,
  PRIMARY KEY (`id`)
) ENGINE=InnoDB AUTO_INCREMENT=7 DEFAULT CHARSET=utf8mb4 COLLATE=utf8mb4_unicode_ci;
/*!40101 SET character_set_client = @saved_cs_client */;

--
-- Dumping data for table `migrations`
--

LOCK TABLES `migrations` WRITE;
/*!40000 ALTER TABLE `migrations` DISABLE KEYS */;
INSERT INTO `migrations` VALUES (1,'0001_01_01_000000_create_users_table',1),(2,'2025_09_03_172907_add_perguntas_selecionadas_to_fluxo_table',2),(5,'2025_09_04_164010_create_task_definitions_table',3),(6,'2025_09_04_164224_create_process_task_table',4);
/*!40000 ALTER TABLE `migrations` ENABLE KEYS */;
UNLOCK TABLES;

--
-- Table structure for table `modelo`
--

DROP TABLE IF EXISTS `modelo`;
/*!40101 SET @saved_cs_client     = @@character_set_client */;
/*!40101 SET character_set_client = utf8 */;
CREATE TABLE `modelo` (
  `id` int(11) NOT NULL AUTO_INCREMENT,
  `fluxo_id` int(11) NOT NULL,
  `titulo` varchar(255) DEFAULT NULL,
  `texto` longtext DEFAULT NULL,
  PRIMARY KEY (`id`),
  CONSTRAINT `fluxo` FOREIGN KEY (`id`) REFERENCES `fluxo-old` (`id`) ON DELETE NO ACTION ON UPDATE NO ACTION
) ENGINE=InnoDB AUTO_INCREMENT=44 DEFAULT CHARSET=utf8 COLLATE=utf8_general_ci;
/*!40101 SET character_set_client = @saved_cs_client */;

--
-- Dumping data for table `modelo`
--

LOCK TABLES `modelo` WRITE;
/*!40000 ALTER TABLE `modelo` DISABLE KEYS */;
INSERT INTO `modelo` VALUES (1,3,'Despacho Busca de Endereço',NULL),(2,3,'Despacho Citação por Edital',NULL),(3,4,'Com Contestação / Carro Apreendido e Quando o Réu Purga a Mora','\r\nTrata-se de AÇÃO DE BUSCA E APREENSÃO ajuizada por BANCO J. SAFRA em face de LEONARDO ALVES FERREIRA com pedido liminar.\r\n\r\nAlega o autor, em síntese, que em 27.06.2020 celebrou com a parte ré contrato de financiamento nº xxxxxx no valor de R$ 41.270,84 (quarenta e um mil, duzentos e setenta reais e oitenta e quatro centavos), a ser pago em 48 (quarenta e oito) prestações mensais de R$ 1.187,36 (hum mil, cento e oitenta e sete reais e trinta e seis centavos). \r\n\r\nEm garantia das obrigações assumidas, a ré transferiu em alienação fiduciária um automóvel marca Volkswagem, modelo polo confortline 20, ano de fabricação 2018, cor branca, chassi 9BWAH5BZ7JP014319, Placa PPX8G96.\r\n\r\nSustenta que o réu se tornou inadimplente, deixando de efetuar o pagamento das parcelas do financiamento a partir de 29.09.2020, incorrendo em mora nos termos do artigo 2º do DL 911/69, sendo que o valor total para fins de purgação da mora totaliza R$ 41.758,22 (quarenta e um mil, setecentos e cinquenta e oito reais e vinte e dois centavos).\r\n\r\nCom a Inicial vieram os documentos de fls. 06/29.\r\n\r\nCustas iniciais quitada conforme certidão de fls. 31.\r\n\r\nDecisão que deferiu o pedido Liminar à fl. 33.\r\nPetição e documentos do réu às fls. 34/46, em que requer a purgação da mora objeto desta ação, juntando comprovante de depósito no valor de R$ 47.535,23 (quarenta e sete mil, quinhentos e trinta e cinco reais e vinte e três centavos), com a devolução do veículo apreendido, indicando ainda endereço da empresa depositária do bem. \r\n\r\nÀs fls. 44/46, juntada do mandado devidamente cumprido, certidão de citação às fls. 44 e auto de busca e apreensão às fls. 46.\r\n\r\nVieram os autos conclusos para análise. \r\n\r\nBrevemente relatados. Decido.\r\n\r\nCompulsando os autos, chego a conclusão que o feito encontra-se pronto para julgamento, mormente considerando que a matéria fática apresentada já foi devidamente demonstrada pelos documentos que acompanham os autos, não havendo necessidade de produção de outras provas.\r\n\r\nA parte ré pugna pela restituição do veículo apreendido, sob alegação de que já purgou a mora, conforme depósito de fls. 43.\r\n\r\nConforme o afirmado na exordial, o requerido ficou inadimplente com a parcela que venceria em 29.09.2020, bem como das subsequentes, totalizando o valor de R$ 41.758,22 (quarenta e um mil, setecentos e cinquenta e oito reais e vinte e dois centavos). A parte autora juntou aos autos a notificação extrajudicial, fl. 26. Desse modo, restou comprovada a mora do requerido nos termos do §2º, art. 2º do Decreto-Lei nº 911/69.\r\n\r\nNesse diapasão, caracterizada a mora do devedor, é facultado à Instituição Financeira a antecipação do vencimento das parcelas vincendas, conforme o realizado no presente caso, nesse sentido se posicionou nosso Egrégio Tribunal de Justiça, in verbis:\r\n\r\nAPELAÇAO CÍVEL Nº 010.070.013.452APELANTE MÁRCIO DA SILVA CAMARGOAPELADA: B. V. FINANCEIRA S/ACRÉDITO, FINANCIAMENTO E INVESTIMENTORELATOR: DES. ANNIBAL DE REZENDE LIMAACÓRDAOCIVIL E PROCESSUAL CIVIL - APELAÇAO CÍVEL - AÇAO DE BUSCA E APREENSAO - ALIENAÇAO FIDUCIÁRIA - QUITAÇAO PARCIAL DO FINANCIAMENTO - MORA DEBENDI CONFIGURADA - VENCIMENTO ANTECIPADO DAS PARCELAS VINCENDAS - EXCESSO DE COBRANÇA ALEGADO EM MOMENTO PROCESSUAL INOPORTUNO. 1. Não tendo o devedor fiduciante efetuado o depósito, no prazo legalmente admitido, do valor devido, relativamente às parcelas inadimplidas do contrato de financiamento, haverá de ser julgada procedente a ação de busca e apreensão do bem móvel financiado.2. Uma vez caracterizada a mora referente a uma das parcelas vencidas do financiamento, antecipa-se o vencimento de todas as demais (parcelas vincendas), a teor do disposto no 3º, do art. 2º, do Decreto-Lei nº 911/69.3. Quando o devedor fiduciante reputar excessivo o valor cobrado nos autos da ação de busca e apreensão, deve ele (devedor fiduciante) se utilizar do expediente processual previsto no 4º, do art. 3º, do Decreto-Lei nº 911/69.4. Recurso conhecido e desprovido.(TJ-ES - AC: 10070013452 ES 10070013452, Relator: ANNIBAL DE REZENDE LIMA, Data de Julgamento: 18/11/2008, PRIMEIRA CÂMARA CÍVEL, Data de Publicação: 21/01/2009)\r\n\r\nRegistre-se que o requerido foi citado em 16.12.2020, bem como, houve busca e apreensão do bem no mesmo dia. Contudo, o requerido junta às fls. 43, cópia do comprovante de depósito judicial realizado em 18.12.2020 no valor de R$ 47.535,23 (quarenta e sete mil, quinhentos e trinta e cinco reais e vinte e três centavos).\r\n\r\nDesta feita, verifica-se dos autos que o réu devidamente citada purgou a mora alegada na inicial, procedendo o depósito da integralidade do débito nesta data. \r\n\r\nDestaque-se que o artigo 3º do DL 911/69, prevê a possibilidade de pagamento do saldo devedor no prazo de cinco dias, hipótese em que o bem lhe será devolvido.Vejamos:\r\n\r\nArt. 3o O proprietário fiduciário ou credor poderá, desde que comprovada a mora, na forma estabelecida pelo § 2o do art. 2o, ou o inadimplemento, requerer contra o devedor ou terceiro a busca e apreensão do bem alienado fiduciariamente, a qual será concedida liminarmente, podendo ser apreciada em plantão judiciário. \r\n§ 1o Cinco dias após executada a liminar mencionada no caput, consolidar-se-ão a propriedade e a posse plena e exclusiva do bem no patrimônio do credor fiduciário, cabendo às repartições competentes, quando for o caso, expedir novo certificado de registro de propriedade em nome do credor, ou de terceiro por ele indicado, livre do ônus da propriedade fiduciária.\r\n§ 2o No prazo do § 1o, o devedor fiduciante poderá pagar a integralidade da dívida pendente, segundo os valores apresentados pelo credor fiduciário na inicial, hipótese na qual o bem lhe será restituído livre do ônus. (grifo nosso)\r\n\r\nDessa forma, considerando que houve a purgação da mora na forma do artigo 3º, §2º do DL911/69, expeça-se Mandado de Devolução/Restituição do bem descrito na inicial, no endereço indicado às fls. 35.\r\n\r\nIntime-se o requerente para se manifestar quanto ao depósito do valor de fls. 43.\r\n\r\nIntimem-se. Diligencie-se. Cumpra-se por oficial de justiça de plantão.\r\n\r\nVitória/ES,   /   /2020. \r\n\r\nDANIELLE NUNES MARINHO\r\nJuíza de Direito\r\n\r\n'),(4,5,'Com Contestação / Carro não Apreendido e Quando o Réu Purga a Mora','Trata-se de Ação De Busca e Apreensão proposta por AYMORÉ CRÉDITO, FINANCIAMENTO E INVESTIMO S/A em face de JOSÉ HENRIQUE CAMPOS, com pedido liminar. \r\nSustenta a parte autora, em síntese, que celebrou com a parte requerida contrato de financiamento nº 20032987514.\r\nEm garantia das obrigações assumidas, o réu transferiu em alienação fiduciária o veículo GM – CHEVROLET/CRUZE, 2015, cor branca, placa FFT4771, chassi 9BGPN69N0FB232624. \r\nSustenta que a parte requerida não cumpriu as obrigações assumidas, deixando de pagar a prestação com vencimento em 01.02.2021, com vencimento das subsequentes.\r\nDeferida medida liminar às fls. 45, não tendo ocorrido a apreensão do bem (fls. 47), muito embora o réu tenha sico citado (fls. 47).\r\nContestação às fls. 51/83, com alegação preliminar de inépcia da inicial mediante falta de documentos. Nas alegações de mérito alega pela possibilidade de ampla defesa em sede de busca e apreensão, também alega a sujeição do caso ao código de defesa do consumidor, iliquidez do crédito apresentado, aplicação de juros remuneratórios acima da taxa de mercado da época da contratação, abusividade ocorrida e violação a preceitos legais.\r\nRéplica às fls. 85/92.\r\nDespacho de fls. 94 intimou as partes para especificar as provas que pretendiam produzir, ambas as partes se mantiveram inertes. \r\nPetição de fls. 96/97 informou que foi diligenciado busca de novo endereço para expedição de mandado.\r\nDespacho de fl. 99/99-v determinou a restrição de circulação do veículo via RENAJUD, a intimação do requerido para comprovar seu direito à gratuidade processual e que os autos fossem conclusos para julgamento. \r\nPetição de fls. 102/103 informou que foi diligenciado busca de novo endereço para expedição de mandado.\r\n\r\nRelatados, decido.\r\nI – DA PRELIMINAR – DOS PRESSUPOSTOS DE CONSTITUIÇÃO E DESENVOLVIDO VÁLIDO E REGULAR DO PROCESSO\r\n\r\n1. Constituição irregular da mora\r\nArgui a parte requerida que a notificação extrajudicial de fls. 11/12, ainda que se amolde aos requisitos exigidos pela lei, não cumpriu com o seu objetivo legal, já que foi recebida por terceiro.\r\nPois bem. Inicialmente constato que a notificação extrajudicial de fls. 11/12 foi enviada para o endereço do devedor indicado no instrumento contratual de fl. 09, tendo sido recebido por terceiro.\r\nAcerca do tema dispõe o artigo 2º, §2º do Decreto-Lei 0911/1964 que a comprovação da mora se dará por carta registrada com aviso de recebimento, não se exigindo que a assinatura constante do referido aviso seja do próprio destinatário, in verbis:\r\nArt. 2o  No caso de inadimplemento ou mora nas obrigações contratuais garantidas mediante alienação fiduciária, o proprietário fiduciário ou credor poderá vender a coisa a terceiros, independentemente de leilão, hasta pública, avaliação prévia ou qualquer outra medida judicial ou extrajudicial, salvo disposição expressa em contrário prevista no contrato, devendo aplicar o preço da venda no pagamento de seu crédito e das despesas decorrentes e entregar ao devedor o saldo apurado, se houver, com a devida prestação de contas. (Redação dada pela Lei nº 13.043, de 2014)\r\n§ 2o A mora decorrerá do simples vencimento do prazo para pagamento e poderá ser comprovada por carta registrada com aviso de recebimento, não se exigindo que a assinatura constante do referido aviso seja a do próprio destinatário. (Redação dada pela Lei nº 13.043, de 2014) (grifo nosso).\r\n \r\nDestaca-se que aguarda julgamento no Superior Tribunal de Justiça o Tema 1132, da sistemática dos Recursos Repetitivos, a fim de “definir se, para a comprovação da mora nos contratos garantidos por alienação fiduciária, é suficiente, ou não, o envio de notificação extrajudicial ao endereço do devedor indicado no instrumento contratual, dispensando-se, por conseguinte, que a assinatura do aviso de recebimento seja do próprio destinatário.”\r\n\r\nNo entanto, houve o levantamento dos pedidos de suspensão dos processos que se enquadram na referida hipótese, razão pela qual até o julgamento final do referido recurso, deve ser aplicado o entendimento até então prevalecente no Tribunal da Cidadania de que se reputa válida a carta enviada para o endereço do devodor, dispensando-se a notificação pessoal, senão vejamos:\r\n\r\nPROCESSUAL CIVIL. AGRAVO INTERNO NO AGRAVO EM RECURSO ESPECIAL. AÇÃO DE BUSCA E APREENSÃO. EMBARGOS DE DECLARAÇÃO. OMISSÃO, CONTRADIÇÃO OU OBSCURIDADE. VIOLAÇÃO DO ART. 1.022 DO CPC/2015. ALIENAÇÃO FIDUCIÁRIA. COMPROVAÇÃO DA MORA DO DEVEDOR. NOTIFICAÇÃO EXTRAJUDICIAL. AVISO DE RECEBIMENTO (AR) COM INFORMAÇÃO \"AUSENTE\". AUSÊNCIA DE COMPROVAÇÃO DO EFETIVO RECEBIMENTO NO ENDEREÇO. REEXAME FÁTICO PROBATÓRIO. IMPOSSIBILIDADE. DECISÃO MANTIDA.\r\n1. Ação de busca e apreensão de bem alienado fiduciariamente.\r\n2. Ausentes os vícios do art. 1.022 do CPC, rejeitam- se os embargos de declaração.\r\n3. A jurisprudência desta Corte é firme no sentido de que, para a busca e apreensão nos contratos de alienação fiduciária, necessária a comprovação da mora por meio da notificação extrajudicial do devedor, realizada por intermédio de carta registrada enviada por Cartório de Títulos e Documentos, com a efetiva entrega da notificação no seu endereço cadastral, apenas dispensando-se a notificação pessoal. Precedentes.\r\n4. O reexame fático probatório é inadmissível em recurso especial.\r\n5. Agravo interno não provido.\r\n(AgInt no AREsp n. 2.119.740/DF, relatora Ministra Nancy Andrighi, Terceira Turma, julgado em 19/9/2022, DJe de 21/9/2022.)\r\nNo mesmo sentido também é a jurisprudência do E. TJES:\r\nACÓRDÃO EMENTA: APELAÇÃO CÍVEL. PROCESSO CIVIL. DECRETO LEI 911/69. AÇÃO DE BUSCA E APREENSÃO. AUSÊNCIA DE COMPROVAÇÃO DA MORA. NOTIFICAÇÃO DEVOLVIDA AO REMETENTE. PROTESTO. NECESSIDADE DE PRÉVIO ESGOTAMENTO DOS MEIOS DE LOCALIZAÇÃO DO DEVEDOR. RECURSO CONHECIDO E DESPROVIDO. I. A Súmula nº 72, do Egrégio Superior Tribunal de Justiça, consagrou o entendimento de que A comprovação da mora é imprescindível à busca e apreensão do bem alienado fiduciariamente, sendo esta, segundo a nova sistemática do artigo 2º, §2º, do Decreto-Lei 911/1968, conferida pela Lei nº 13.043/2014, comprovada pelo envio de carta registrada com aviso de recebimento, sem a necessidade de que a assinatura constante do aviso seja a do próprio destinatário. [...] Vitória, 15 de fevereiro de 2022. PRESIDENTE RELATOR(A) (TJES, Classe: Apelação Cível, 047190067117, Relator : JORGE HENRIQUE VALLE DOS SANTOS, Órgão julgador: TERCEIRA CÂMARA CÍVEL , Data de Julgamento: 15/02/2022, Data da Publicação no Diário: 11/03/2022) \r\n\r\n\r\nDito isto, rejeito a preliminar. \r\n\r\n2. Falta da Cédula de Crédito Original\r\nDefende a parte requerida a ausência de pressupostos de constituição e desenvolvimento válido e regular do processo, nos termos do art. 485, IV, do Código de Processo, uma vez que não foi juntado a cédula de crédito bancário original. \r\nContudo, inexiste tal exigência no Decreto Lei 911/1969, sendo suficiente para instruir a ação de busca e apreensão a cópia digitalizada do contrato, a planilha do débito e a comprovação de constituição do devedor em mora. \r\nAdemais, dispõe o art. 425, VI, do Código de Processo Civil:\r\nArt. 425. Fazem a mesma prova que os originais:\r\n\r\n(...)\r\n\r\nVI - as reproduções digitalizadas de qualquer documento público ou particular, quando juntadas aos autos pelos órgãos da justiça e seus auxiliares, pelo Ministério Público e seus auxiliares, pela Defensoria Pública e seus auxiliares, pelas procuradorias, pelas repartições públicas em geral e por advogados, ressalvada a alegação motivada e fundamentada de adulteração. \r\nAssim, uma vez que a cópia da cédula de crédito bancário juntada aos autos às fls. 07/09 faz a mesma prova do original, não há que se falar em ausência de pressupostos de constituição e desenvolvimento válido do processo. \r\nA propósito, já decidiram os tribunais pátrios:\r\nAPELAÇÃO CÍVEL - AÇÃO DE BUSCA E APREENSÃO - PRELIMINARES - IMPUGNAÇÃO AO VALOR DA CAUSA E AUSÊNCIA DE PRESSUPOSTOS DE CONSTITUIÇÃO E DESENVOLVIMENTO VÁLIDO DO PROCESSO - REJEIÇÃO - CONTESTAÇÃO - ALEGAÇÃO DE ABUSIVIDADE DAS CLÁUSULAS CONTRATUAIS - POSSIBILIDADE - APLICAÇÃO DO CÓDIGO DE DEFESA DO CONSUMIDOR - TARIFA DE REGISTRO - ILEGALIDADE - TARIFA DE AVALIAÇÃO DE BEM - ABUSIVIDADE - SEGURO PRESTAMISTA - VENDA CASADA - NÃO DESCARACTERIZAÇÃO DA MORA - JURISPRUDÊNCIA DO STJ, EM JULGAMENTO REPRESENTATIVO DE CONTROVÉRSIA - PROCEDÊNCIA DO PEDIDO.\r\nTendo vista que o valor atribuído à causa corresponde ao valor das parcelas vencidas e vincendas, impõe-se sua manutenção.\r\nNos termos do art. 425, VI, do CPC, as reproduções digitalizadas fazem a mesma prova que o original, não havendo que se falar em ausência de pressuposto de constituição e desenvolvimento válido do processo em razão da ausência de juntada do contrato original.\r\nAplicam-se os preceitos do Código de Defesa do Consumidor, sendo esta a pacífica orientação jurisprudencial, sedimentada no enunciado da Súmula nº 297 do Superior Tribunal de Justiça.\r\nNo que concerne à tarifa de registro, sua cobrança é legal, ressalvadas a abusividade da cobrança por serviço não efetivamente prestado e possibilidade de controle da onerosidade excessiva, no caso concreto (REsp 1.578.553/SP). Considerando que a instituição financeira não comprovou a efetiva prestação do serviço relativo ao registro do contrato, impõe-se declarar a abusividade da referida cobrança.\r\nQuanto à tarifa de avaliação de bem, sua cobrança é legal, ressalvadas a abusividade da cobrança por serviço não efetivamente prestado e possibilidade de controle da onerosidade excessiva, no caso concreto (REsp 1.578.553/SP). Tendo em vista que a instituição financeira não anexou qualquer documento ou laudo de vistoria que comprove a efetiva prestação do serviço relativo à avaliação do bem, impõe-se declarar a abusi vidade da referida cobrança.\r\nNos termos do julgamento pelo STJ do Recurso Especial repetitivo n. 1.639.259/SP, o consumidor não pode ser compelido a contratar seguro com a instituição financeira ou com seguradora por ela indicada, pois configura venda casada.\r\nMesmo reconhecida a ilegalidade da cobrança de tarifas no contrato, tal fato não afasta a inadimplência do devedor e nem descaracteriza sua mora. Além disso, foi efetuado o pagamento de apenas 18 parcelas das 48 pactuadas.\r\nA jurisprudência do STJ, inclusive sob a ótica do recurso repetitivo, firmou entendimento no sentido de que haverá a descaracterização da mora do devedor apenas nas hipóteses em que for constatada a existência de cobranças abusivas no período da normalidade, no tocante aos juros remuneratórios e sua capitalização mensal.\r\nComprovada a mora do devedor por meio de notificação extrajudicial válida e o inadimplemento da obrigação, a procedência da ação de busca e apreensão é medida que se impõe. (TJMG - Apelação Cível 1.0000.21.196959-7/001, Relator(a): Des.(a) Sérgio André da Fonseca Xavier , 18ª CÂMARA CÍVEL, julgamento em 30/11/2021, publicação da súmula em 30/11/2021) \r\n\r\nAssim, impõe-se a rejeição da preliminar suscitada.\r\n\r\nII – DO MÉRITO\r\nÉ cediço que a Ação de Busca e Apreensão de bem móvel garantido fiduciariamente tramita sob o procedimento especial disciplinado no Decreto-lei nº 911/69, limitando a controvérsia da matéria acerca da comprovação, ou não, do inadimplemento das parcelas aptas a caracterização da mora do devedor.\r\nFeitas tais considerações passo a análise do mérito.\r\n\r\n1. Da Alegação de Impossibilidade de Capitalização dos Juros\r\nSabe-se que nos contratos bancários firmados posteriormente à entrada em vigor da MP n. 1.963-17/2000, reeditada sob o n. 2.170-36/2001, é lícita a capitalização mensal dos juros, desde que expressamente prevista no ajuste.\r\nA previsão, no contrato bancário, de taxa de juros anual superior ao duodécuplo da mensal é suficiente para permitir a cobrança da taxa efetiva anual contratada (Recurso Especial repetitivo n. 973.827/RS).\r\nNo presente caso, vislumbro que o contrato foi firmado em 03/08/2018 e a expressa pactuação da capitalização mensal dos juros remuneratórios está demonstrada através da divergência entre a taxa anual e o duodécuplo da mensal, já que fixadas, respectivamente em 1,84% ao mês e de 24,38% ao ano (fl. 07).\r\nNos termos das Súmulas 539 e 541 do STJ:\r\nSúmula 539: “É permitida a capitalização de juros com periodicidade inferior à anual em contratos celebrados com instituições integrantes do Sistema Financeiro Nacional a partir de 31/3/2000(MP n. 1.963-17/2000, reeditada como MPn.2.170-36/2001),desde que expressamente pactuada.”\r\nSúmula 541: A previsão no contrato bancário de taxa de juros anual superior ao duodécuplo da mensal é suficiente para permitir a cobrança da taxa efetiva anual contratada.\r\nAssim e em consonância com as Sumulas 539 e 541 do Superior Tribunal de Justiça, que regulamenta o tema em debate, tenho por legal a capitalização de juros prevista no contrato em debate.\r\nNeste sentido já se manifestou o Tribunal de Justiça do Estado do Espírito Santo, senão vejamos:\r\n“É lícita a capitalização de juros em contratos celebrados após o dia 31.03.2000, data da publicação da Medida Provisória n. 1.963-17/2000, mas desde que expressamente pactuada, sendo suficiente, para aferi-la, vir pactuado no contrato bancário que a taxa anual de juros é doze vezes a taxa mensal contratada”. (TJES, Classe: Apelação, 004150001891, Relator : SAMUEL MEIRA BRASIL JUNIOR, Órgão julgador: TERCEIRA CÂMARA CÍVEL , Data de Julgamento: 22/10/2019, Data da Publicação no Diário: 01/11/2019).\r\nDesta feita, tenho que não prospera a alegação de ilegalidade da capitalização de juros, sendo, portanto, legítima sua incidência.\r\n\r\n2. Da Alegada Impossibilidade de Cumulação dos Encargos Moratórios\r\nNo que pertine à comissão de permanência, a Segunda Seção do STJ, no julgamento do Resp nº 863.887-RS, consolidou o entendimento de que a comissão de permanência abrange 03 parcelas, a saber, os juros remuneratórios, à taxa média de mercado, nunca superiores àquela contratada para o empréstimo, os juros moratórios e a multa contratual, sob pena de incorrer em bis in idem.\r\nNo mesmo sentido o Ministro Ari Pargendler chegou, inclusive, a classificar de abusiva a comissão calculada em percentual muito acima do cobrado nos juros remuneratórios, não sem antes reforçar a natureza tríplice daquela: “Quer dizer, após o vencimento, a comissão de permanência visa manter, por meio dos juros remuneratórios, a base econômica do negócio, desestimular, mediante os juros de mora, a demora no cumprimento da obrigação e reprimir o inadimplemento pela aplicação da multa contratual.” (AgRg no Resp 1.016.657/RS, Terceira Turma, j. Em 20.05.2008)\r\nNesta senda é o seguinte julgado:\r\nAGRAVO REGIMENTAL NO AGRAVO EM RECURSO ESPECIAL. CUMULAÇÃO DE COBRANÇA DE COMISSÃO DE PERMANÊNCIA COM JUROS DE MORA E MULTA CONTRATUAL. IMPOSSIBILIDADE.\r\n1. É admissível a cobrança de comissão de permanência- tão-somente no período de inadimplência- calculada pela taxa média de mercado apurada pelo Banco Central do Brasil, limitada, contudo, à taxa do contrato, sendo vedada, entretanto, a sua cumulação com juros remuneratórios, correção monetária, juros moratórios ou multa contratual 2. A interposição, nesta Corte, de agravo regimental manifestamente infundado torna forçosa a aplicação da multa prevista no artigo 557, § 2º, do Código de Processo Civil. 3. Agravo regimental não provido, com aplicação de multa. (AgRg no AREsp 50.701/GO, Rel. Ministro LUIS FELIPE SALOMÃO, QUARTA TURMA, julgado em 08/11/2011, DJe 16/11/2011) (grifei)\r\nColaciono ainda, os seguintes verbetes sumular:\r\nSúmula: 30 A comissão de permanência e a correção monetária são inacumuláveis.\r\nSúmula: 296 Os juros remuneratórios, não cumuláveis com a comissão de permanência, são devidos no período de inadimplência, à taxa de média de mercado estipulada pelo Banco Central do Brasil, limitada ao percentual contratado.\r\nDa análise do contrato celebrado entre as partes (fl. 09), não observo a incidência da comissão de permanência, sendo os encargos moratórios limitados a juros remuneratórios, juros moratórios e multa contratual, razão pela qual reputo prejudicado o pedido revisional neste ponto.\r\n\r\n3. Da Inadimplência\r\nConforme o afirmado na exordial, a parte requerida ficou inadimplente com o pagamento da parcela que venceria em 01/01/2021, bem como as subsequentes.\r\nA parte requerente juntou aos autos a notificação extrajudicial da parte requerida (fls. 11/12), devidamente enviada ao endereço do contrato e recebida. Deste modo, resta comprovada a mora do requerido nos termos do §2º, art. 2º do Decreto-Lei nº 911/69, conforme, inclusive, já evidenciado quando da análise da preliminar.\r\nNeste diapasão, caracterizada a mora do devedor, é facultado à instituição financeira a antecipação do vencimento das parcelas vincendas, conforme o realizado no presente caso, nesse sentido se posicionou nosso Egrégio Tribunal de Justiça, in verbis:\r\nAPELAÇAO CÍVEL Nº 010.070.013.452APELANTE MÁRCIO DA SILVA CAMARGOAPELADA: B. V. FINANCEIRA S/ACRÉDITO, FINANCIAMENTO E INVESTIMENTORELATOR: DES. ANNIBAL DE REZENDE LIMAACÓRDAOCIVIL E PROCESSUAL CIVIL - APELAÇAO CÍVEL - AÇAO DE BUSCA E APREENSAO - ALIENAÇAO FIDUCIÁRIA - QUITAÇAO PARCIAL DO FINANCIAMENTO - MORA DEBENDI CONFIGURADA - VENCIMENTO ANTECIPADO DAS PARCELAS VINCENDAS - EXCESSO DE COBRANÇA ALEGADO EM MOMENTO PROCESSUAL INOPORTUNO. 1. Não tendo o devedor fiduciante efetuado o depósito, no prazo legalmente admitido, do valor devido, relativamente às parcelas inadimplidas do contrato de financiamento, haverá de ser julgada procedente a ação de busca e apreensão do bem móvel financiado.2. Uma vez caracterizada a mora referente a uma das parcelas vencidas do financiamento, antecipa-se o vencimento de todas as demais (parcelas vincendas), a teor do disposto no 3º, do art. 2º, do Decreto-Lei nº 911/69.3. Quando o devedor fiduciante reputar excessivo o valor cobrado nos autos da ação de busca e apreensão, deve ele (devedor fiduciante) se utilizar do expediente processual previsto no 4º, do art. 3º, do Decreto-Lei nº 911/69.4. Recurso conhecido e desprovido.(TJ-ES - AC: 10070013452 ES 10070013452, Relator: ANNIBAL DE REZENDE LIMA, Data de Julgamento: 18/11/2008, PRIMEIRA CÂMARA CÍVEL, Data de Publicação: 21/01/2009)\r\nConsiderando pois a natureza da ação de busca e apreensão com base no Decreto-Lei 911/69, a meu ver, resta tão somente ao julgador analisar a mora do devedor. Assim, verificada a mora do requerido, bem como a ausência de quitação do débito no prazo de 05 dias, deve prosperar o pleito autoral.\r\nDestarte, as provas constantes dos autos evidenciam o direito reclamado pelo requerente e acarretam as consequências jurídicas necessárias à busca e apreensão do bem dado em alienação fiduciária, com a consequente consolidação da propriedade e da posse plena e exclusiva do bem no patrimônio do credor fiduciário, conforme previsto no §1º, artigo 3º, do Decreto nº. 911/69.\r\n\r\nIII – DOS HONORÁRIOS ADVOCATÍCIOS\r\nCom as inovações trazidas pelo Novo Código de Processo Civil, Lei 13.105, que entrou em vigor em 18/03/2016, passou a dispor que: \r\n\r\nArt. 85. A sentença condenará o vencido a pagar honorários ao advogado do vencedor. \r\n§ 1o São devidos honorários advocatícios na reconvenção, no cumprimento de sentença, provisório ou definitivo, na execução, resistida ou não, e nos recursos interpostos, cumulativamente.\r\n§ 2o Os honorários serão fixados entre o mínimo de dez e o máximo de vinte por cento sobre o valor da condenação, do proveito econômico obtido ou, não sendo possível mensurá-lo, sobre o valor atualizado da causa, atendidos:\r\nI - o grau de zelo do profissional;\r\nII - o lugar de prestação do serviço;\r\nIII - a natureza e a importância da causa;\r\nIV - o trabalho realizado pelo advogado e o tempo exigido para o seu serviço.\r\n\r\nAssim, considerando a previsão legal, bem como o tempo de duração do processo, fixo os honorários em 10% (dez por cento) sobre o valor dado à causa. \r\n\r\nIV – DISPOSITIVO\r\nIsto posto, JULGO PROCEDENTE O PEDIDO AUTORAL e, por conseguinte, DETERMINO a busca e apreensão do veículo marca GM – CHEVROLET/CRUZE LTZ 1.8 16V FL, 2015, cor branca, placa FFT4771, chassi 9BGPN69N0FB232624.\r\nTorno definitiva a decisão de fls.45.\r\nDeclaro resolvido o mérito na forma do artigo 487, I, do CPC\r\nCONDENO a parte requerida ao pagamento das custas processuais e dos honorários advocatícios que fixo em 10% (dez por cento) sobre o valor dado à causa, na forma do artigo 85, §2º, do CPC.\r\nEm havendo pedido de desentranhamento, fica desde já deferido, mediante reposição por cópia.\r\n\r\nDILIGÊNCIAS PARA O CARTÓRIO\r\nVindo aos autos recurso, deve a secretaria certificar a tempestividade e o preparo para, ao depois, intimar o recorrido para apresentar suas contrarrazões, caso queira, no prazo de 15 (quinze) dias, consoante arts. 1.010, § 1º c/c art. 1.003 e art. 219, todos do CPC. Apresentada resposta ou não, certifique-se e remetam os autos ao Egrégio Tribunal de Justiça do Estado do Espírito Santo, com as cautelas de estilo.\r\nCaso não seja interposto recurso, certifique-se o trânsito em julgado. Após, REMETAM-SE os autos à Contadoria do Juízo para cálculo das custas finais. Se houver, INTIME-SE a parte sucumbente para realizar o recolhimento no prazo de 10 (dez) dias. Caso não seja realizada a quitação das despesas, oficie-se à SEFAZ para fins de inscrição em dívida ativa. Após, arquivem-se os autos.\r\nConsiderando o disposto no Ato Normativo Conjunto nº 007/2022, que determina e regulamenta a conversão dos processos judiciais físicos em trâmite no Poder Judiciário do Estado do Espírito Santo para o meio digital, DETERMINO as seguintes diligências:\r\n1) Remetam-se os autos à Central de Digitalização.\r\n2) Após proceda-se o cadastramento e na sequência, expeça-se certidão no Sistema Pje.\r\n3) Ato contínuo, intimem-se as PARTES para, querendo, proceder a conferência da digitalização, nos termos do art. 17º do Ato Normativo Conj. nº 007/22, podendo os documentos digitalizados serem acessados através do LINK (google drive) anexado em certidão juntada aos autos (PJE).\r\n4) Digitalizado, remetam-se.\r\nPublique-se. Registre-se. Intimem-se. Diligencie-se.\r\n\r\n\r\n'),(5,8,'Revelia / Carro Apreendido','Trata-se de Ação de Busca e Apreensão com pedido liminar proposta por BV FINANCEIRA S/A - CRÉDITO E FINANCIAMENTO DE INVESTIMENTOS em face de SANDRO ROBERT MEIRA VAGNER.\r\nA parte requerente informa que celebrou contrato de financiamento com a parte requerida na data de 24/07/2018, visando a aquisição do veículo HYUNDAY TUCSON GLS 4X2 2.0 16V AT FLEX 4P, ANO DE FABIRCAÇÃO 2012, MODELO 2013, COR PRATA, PLACA ODT4913, a ser pago em 60 parcelas mensais de R$ 749,91.\r\nAfirma que a parte requerida não cumpriu as obrigações assumidas, deixando de quitar as parcelas a partir de 24/01/2019, totalizando um débito no valor de R$ 33.576,59.\r\nEm razão disso, requer a busca e apreensão do veículo em questão com a consolidação da posse.\r\nCom a inicial vieram os documentos de fls. 06/34.\r\nMedida liminar deferida à fl. 37, sendo o réu citado conforme AR de fl. 34, e o veículo aperendido conforme Auto de Busca e Apreensão de fl. 49.\r\nDespacho de fl. 55 declarou a revelia do requerido.\r\nPetição da parte autora às fls. 58/61.\r\nRelatados. Decido.\r\nI - DO MÉRITO\r\nO feito comporta julgamento antecipado, nos termos do art. 355, II, do Código de Processo Civil.\r\nSalienta-se que a parte requerida foi devidamente citada para apresentar defesa e quedou-se inerte, o que foi devidamente certificado à fl. 54/verso.\r\n\r\nNo dizer de Weber Martins Batista e Luiz Fux, o processo é bilateral não só por força do contraditório, mas também para que a reconstituição dos fatos não seja fruto da versão unilateral do autor. O réu que rompe esse princípio de trabalho autoriza que o juiz julgue conforme o alegado pelo autor.\r\n\r\nConsidera-se que o réu nada alegou sobre matéria de defesa, deixando de expor as razões de fato e de direito com as quais impugnaria o pedido do autor, conforme art. 336 do CPC.\r\n\r\nA carta de citação foi juntada aos autos devidamente cumprida (fl. 54), não tendo a parte requerida apresentado resposta (fl. 54/verso). Assim, o suplicado é revel.\r\n\r\nA parte requerida deixou transcorrer in albis o prazo para a contestação, logo ocorre uma presunção de veracidade dos fatos afirmados pela parte requerente na petição inicial.\r\n\r\nTal presunção encontra eco no contrato de fls. 21/28 e na notificação extrajudicial de fls. 29/31.\r\n\r\nA presunção de veracidade dos fatos narrados na inicial implica nas consequências jurídicas pretendidas pela parte requerente.\r\n\r\nIsto posto, com fundamento no artigo 66 da Lei nº 4728/65, e no artigo 3º, § 5º do Decreto Lei nº 911/69, JULGO PROCEDENTE O PEDIDO AUTORAL, na forma do artigo 487, I, do CPC, tendo como subsistente a liminar de fl. 37 e consolidando a propriedade e a posse plena e exclusiva do bem nas mãos do proprietário fiduciário para todos os legais e jurídicos efeitos.\r\n\r\nTorno definitiva a apreensão liminar do bem.\r\n\r\nCONDENO a parte requerida ao pagamento das custas processuais e dos honorários advocatícios que fixo em 10% (dez por cento) sobre o valor dado à causa, na forma do artigo 85, §2º, do CPC.\r\n\r\nEm havendo pedido de desentranhamento, fica desde já deferido, mediante reposição por cópia.\r\n\r\nVindo aos autos recurso, deve a secretaria certificar a tempestividade e o preparo para, ao depois, intimar o recorrido para apresentar suas contrarrazões, caso queira, no prazo de 15 (quinze) dias, consoante arts. 1.010, § 1º c/c art. 1.003 e art. 219, todos do CPC. Apresentada resposta ou não, certifique-se e remetam os autos ao Egrégio Tribunal de Justiça do Estado do Espírito Santo, com as cautelas de estilo.\r\n\r\nCaso não seja interposto recurso, certifique-se o trânsito em julgado. Após, REMETAM-SE os autos à Contadoria do Juízo para cálculo das custas finais. Se houver, INTIME-SE a parte sucumbente para realizar o recolhimento no prazo de 10 (dez) dias. Caso não seja realizada a quitação das despesas, oficie-se à SEFAZ para fins de inscrição em dívida ativa. Após, arquivem-se os autos.\r\n\r\nPublique-se. Registre-se. Intimem-se. Diligencie-se.\r\n\r\nVisto em inspeção.'),(6,9,'Revelia / Carro não Apreendido','Trata-se de Ação de Busca e Apreensão com pedido liminar proposta por BANCO SAFRA S/A em face de ED CARRO COMERCIAL & SERVIÇOS EM VEÍCULOS LTDA. - ME, EDIVALDO ARAÚJO DOS SANTOS E KENIA DA SILVA SOUZA.\r\nA parte requerente informa que celebrou contrato de financiamento com os requeridos na data de 18/12/2012, visando a aquisição de três veículos, quais sejam: 1) Chevrolet Montana LS, cor: prata, ano/modelo 2011/2012, chassi 9BGCA80X0CB134710; 2)  Chevrolet Montana LS, cor: branca, ano/modelo 2011/2012, chassi 9BGCA80X0CB201620; 3) GM/CELTA 4P LIFE, cor: preta, ano/modelo 2007/2008, chassi: 9BGRZ48908G226631.\r\nAfirma que para tanto foi disponibilizado um crédito de R$ 130.000,00 (cento e trinta mil reais), garantido por meio de alienação fiduciária, a ser pago em 12 (doze) parcelas de R$  12.266,82 (doze mil, duzentos e sessenta e seis reais e oitenta e dois centavos).\r\nAduz que os requeridos não cumpriram as obrigações assumidas, deixando de quitar a segunda parcela, com vencimento em 18/02/2013, totalizando um débito no valor de R$ 138.366,06 (cento e trinta e oito mil, trezentos e sessenta e seis reais e seis centavos), conforme planilha de fl. 27.\r\nEm razão disso, requer a busca e apreensão do veículo em questão com a consolidação da posse.\r\nCom a inicial vieram os documentos de fls. 07/57.\r\nCustas devidamente quitadas às fls. 59.\r\nMedida liminar deferida às fls. 60/61, sendo os requeridos devidamente citados, conforme certidões do oficial de justiça de fls. 98-verso, fls. 100/103 e fls. 104/107.\r\nAta da audiência de conciliação às fls. 141, que restou infrutífera; sendo ainda declarada a revelia dos requeridos que, devidamente citados, deixaram de apresentar contestação no prazo legal, recebendo o processo no estado em que se encontra. \r\nRegistro, por derradeiro, que os veículos não foram apreendidos, tendo em vista que o oficial de justiça não logrou êxito em encontrá-los, conforme certidões de fls. 69-verso, fl. 89, fls. 98-verso, fls. 100/103 e fls. 104/107, sendo inserida restrição de circulação via Renajud às fls. 121/123.\r\nÉ O BREVE RELATÓRIO. DECIDO.\r\nI - DO MÉRITO\r\nO feito comporta julgamento antecipado, nos termos do art. 355, II, do Código de Processo Civil.\r\nSalienta-se que os requeridos foram devidamente citados para apresentar defesa e quedou-se inerte, conforme consignado na Ata da Audiência de Conciliação de fl. 141.\r\n\r\nNo dizer de Weber Martins Batista e Luiz Fux, o processo é bilateral não só por força do contraditório, mas também para que a reconstituição dos fatos não seja fruto da versão unilateral do autor. O réu que rompe esse princípio de trabalho autoriza que o juiz julgue conforme o alegado pelo autor.\r\n\r\nConsidera-se que os réus nada alegaram sobre matéria de defesa, deixando de expor as razões de fato e de direito com as quais impugnaria o pedido do autor, conforme art. 336 do CPC.\r\n\r\nO mandado de citação foi juntado aos autos devidamente cumprido pelo Oficial de Justiça (fls. 98-verso, fls. 100/103 e fls. 104/107), não tendo a parte requerida apresentado resposta (fl. 141). Assim, o suplicado é revel.\r\n\r\nOs Demandados deixaram transcorrer in albis o prazo para a contestação, logo ocorre uma presunção de veracidade dos fatos afirmados pela parte requerente na petição inicial.\r\n\r\nTal presunção encontra eco no contrato de fls. 28/34-verso e na notificação extrajudicial de fls. 48.\r\n\r\nAdemais, os próprios requeridos peticionam nos autos às fls. 128 confessando a existência do débito e requerendo a realização de audiência de conciliação, que, inclusive, foi devidamente designada, mas não foi possível a composição entre as partes, conforme se extrai da Ata de fl. 141.\r\n\r\nAssim, a presunção de veracidade dos fatos narrados na inicial implica nas consequências jurídicas pretendidas pela parte requerente.\r\n\r\nII – DOS HONORÁRIOS ADVOCATÍCIOS\r\nCom as inovações trazidas pelo Novo Código de Processo Civil, Lei 13.105, que entrou em vigor em 18/03/2016, passou a dispor que: \r\n\r\nArt. 85. A sentença condenará o vencido a pagar honorários ao advogado do vencedor. \r\n§ 1o São devidos honorários advocatícios na reconvenção, no cumprimento de sentença, provisório ou definitivo, na execução, resistida ou não, e nos recursos interpostos, cumulativamente.\r\n§ 2o Os honorários serão fixados entre o mínimo de dez e o máximo de vinte por cento sobre o valor da condenação, do proveito econômico obtido ou, não sendo possível mensurá-lo, sobre o valor atualizado da causa, atendidos:\r\nI - o grau de zelo do profissional;\r\nII - o lugar de prestação do serviço;\r\nIII - a natureza e a importância da causa;\r\nIV - o trabalho realizado pelo advogado e o tempo exigido para o seu serviço.\r\n\r\nAssim, considerando a previsão legal, bem como o tempo de duração do processo, fixo os honorários em 20% (vinte por cento) sobre o valor dado à causa. \r\n\r\nIII – DISPOSITIVO\r\nIsto posto, JULGO PROCEDENTE O PEDIDO AUTORAL e, por conseguinte, DETERMINO a busca e apreensão dos veículos  1) Chevrolet Montana LS, cor: prata, ano/modelo 2011/2012, chassi 9BGCA80X0CB134710; 2)  Chevrolet Montana LS, cor: branca, ano/modelo 2011/2012, chassi 9BGCA80X0CB201620; 3) GM/CELTA 4P LIFE, cor: preta, ano/modelo 2007/2008, chassi: 9BGRZ48908G226631.\r\n\r\nTorno definitiva a decisão de fls. 60/61.\r\n\r\nDeclaro resolvido o mérito na forma do artigo 487, I, do CPC\r\n\r\nCONDENO os requeridos ao pagamento das custas processuais e dos honorários advocatícios que fixo em 20% (vinte por cento) sobre o valor dado à causa, na forma do artigo 85, §2º, do CPC.\r\n\r\nDILIGÊNCIAS PARA A SECRETARIA\r\nVindo aos autos recurso, deve a secretaria certificar a tempestividade e o preparo para, ao depois, intimar o recorrido para apresentar suas contrarrazões, caso queira, no prazo de 15 (quinze) dias, consoante arts. 1.010, § 1º c/c art. 1.003 e art. 219, todos do CPC. Apresentada resposta ou não, certifique-se e remetam os autos ao Egrégio Tribunal de Justiça do Estado do Espírito Santo, com as cautelas de estilo.\r\nCaso não seja interposto recurso, certifique-se o trânsito em julgado. Após, REMETAM-SE os autos à Contadoria do Juízo para cálculo das custas finais. Se houver, INTIME-SE a parte sucumbente para realizar o recolhimento no prazo de 10 (dez) dias. Caso não seja realizada a quitação das despesas, oficie-se à SEFAZ para fins de inscrição em dívida ativa. Após, arquivem-se os autos.\r\nPublique-se. Registre-se. Intimem-se. Diligencie-se.'),(7,1,'Citacão (Modelo) PJE',NULL),(8,2,'Intimar p/ $, sob Pena de Cancelamento da Distribuição (Modelo)','Compulsando aos autos, verifico que não houve o recolhimento das custas processuais.\r\n\r\nDesta forma, intime-se a parte autora para efetuar o pagamento das custas processuais, conforme art. 290 do Código de Processo Civil, sob pena de cancelamento da distribuição.\r\n\r\nIntimem-se. Diligencie-se. Cumpra-se. \r\n\r\nVitória/ES, [data]\r\nDANIELLE NUNES MARINHO\r\nJuíza de Direito'),(9,14,'Decisão - INDEFERE AJG - Pessoa Física','Pretende o requerente o benefício da gratuidade da justiça.\r\nÉ, no que importa, o sucinto relatório. Decido.\r\nPois bem. Denota-se que deve ser amparado pelo benefício da assistência judiciária aquele cuja situação econômica não lhe permita satisfazer o ônus processual atinente as despesas do processo, os honorários de advogado e de perito sem prejuízo do sustento próprio ou da família, o que coaduna com o disposto no artigo 98 do CPC.\r\nEmbora a jurisprudência venha entendendo que para a concessão do benefício à pessoa física baste a declaração da necessidade, tal postura cede quando houver prova em contrário, ou seja, de que a parte possui condições de custear a demanda.\r\nAnote-se, ainda, que a declaração de pobreza gera presunção relativa acerca da necessidade da assistência gratuita, ou seja, juris tantum, podendo o Julgador verificar outros elementos constantes do processo para decidir acerca do deferimento ou não do benefício, uma vez que pode decorrer dos autos a demonstração de que a parte tem condições de arcar com as custas processuais, o que impediria a concessão deste pedido.\r\nCom efeito, a jurisprudência firmada no âmbito do STJ delineia que o benefício da assistência judiciária pode ser indeferido quando o magistrado se convencer, com base nos elementos acostados aos autos, de que não se trata de hipótese de miserabilidade jurídica. (STJ; AgRg-AG-REsp 24.255; Proc. 2011/0164976-2; RJ; Quarta Turma; Rel. Min. Raul Araújo; Julg. 13/09/2011; DJE 03/10/2011)\r\nReza o inciso LXXIV, do artigo 5º, da Constituição Federal, seguindo na descrição dos Direitos e Garantias Fundamentais, que o Estado prestará assistência judiciária integral e gratuita aos que comprovarem insuficiência de recursos.\r\nA propósito, é de se destacar que a jurisprudência vem entendendo que a renda mensal líquida inferior a 03 (três) salários mínimos justifica a concessão do benefício da assistência judiciária gratuita, conforme precedentes do Egrégio Tribunal de Justiça do Espírito Santo, in verbis:\r\nAGRAVO DE INSTRUMENTO – AÇÃO INDENIZATÓRIA C/C REPETIÇÃO DE INDÉBITO – DECISÃO INDEFERIU ASSISTÊNCIAJUDICIÁRIA GRATUITA – COMPROVAÇÃO DE RENDA MENSAL INFERIOR A 03 (TRÊS) SALÁRIOS MÍNIMOS – CONCESSÃO DO BENEPLÁCITO – AGRAVO DE INSTRUMENTO CONHECIDO E PROVIDO. 1) O agravo resume-se à concessão dos benefícios da assistência judiciária gratuita, ante o seu indeferimento pelo Juízo de 1º grau por meio da decisão hostilizada. 2) O juiz, como condutor do feito que é, pode indeferir a pretensão se dos autos aflorarem fundadas razões a infirmar a assertiva de miserabilidade jurídica; deveras: a presunção iuris tantum pode ser elidida por prova em contrário, seja a já constante dos autos, seja a produzida pela parte ex adversa. 3) Agravante comprovou, após determinação do Juízo a quo, que possui renda mensal inferior a 03 (três) salários-mínimos, não permitindo suprir as necessidades básicas de subsistência garantidas constitucionalmente e satisfazer as custas processuais 4) Agravo de Instrumento conhecido e provido para conceder à agravante os benefícios da assistência judiciária gratuita. (TJES, Classe: Agravo de Instrumento, 048169004768, Relator: ELIANA JUNQUEIRA MUNHOS FERREIRA - Relator Substituto : VICTOR QUEIROZ SCHNEIDER, Órgão julgador: TERCEIRA CÂMARA CÍVEL, Julgamento: 14/03/2017, Publicação 24/03/2017)\r\n\r\nDIREITO CIVIL E PROCESSUAL CIVIL. AGRAVO DE INSTRUMENTO. ASSISTÊNCIA JUDICIÁRIA GRATUITA. RENDA MENSAL LÍQUIDA INFERIOR A 03 (TRÊS) SALÁRIOS MÍNIMOS. HIPOSSUFICIÊNCIA CONFIGURADA. PARÂMETRO UTILIZADO PELA DEFENSORIA PARA ASSISTÊNCIA JUDICIAL E EXTRAJUDICIAL GRATUITA. BENESSE ASSISTENCIAL CONCEDIDA. RECURSO CONHECIDO E PROVIDO. I - A renda mensal líquida inferior a 03 (três) salários mínimos justifica a concessão do benefício da assistência judiciária gratuita. Ademais, este parâmetro de 03 (três) salários mínimos corresponde, inclusive, ao limite estabelecido pela Defensoria Pública Estadual para promover a assistência judicial e extrajudicial gratuita, conforme artigo 2º, da Lei Complementar Estadual n º 55/97. (TJ-ES - AI: 00044171920198080038, Relator: NAMYR CARLOS DE SOUZA FILHO, Data de Julgamento: 04/02/2020, SEGUNDA CÂMARA CÍVEL, Data de Publicação: 13/02/2020)\r\nSobreleva acentuar ainda que este parâmetro de 03 (três) salários mínimos corresponde, inclusive, ao limite estabelecido pela Defensoria Pública Estadual para promover a assistência judicial e extrajudicial gratuita, conforme artigo 2º, da Lei Complementar Estadual n º 55/97:\r\n“Art. 2º – Considera-se necessitado para os fins do artigo anterior, pessoa física, brasileira ou estrangeira, residente ou em trânsito no Estado, cuja insuficiência de recursos não lhe permita arcar com as despesas processuais, ou cuja hipossuficiência a coloque em situação de vulnerabilidade em relação à parte contrária.\r\n§ 1º – A insuficiência de recursos ou hipossuficiência que coloca a pessoa física em situação de vulnerabilidade e, em relação à parte contrária, é assim considerada desde que o interessado:\r\na) tenha renda pessoal mensal, inferior a três salários mínimos; (...)”\r\nCompulsando aos autos, verifico que o pedido de gratuidade da justiça é incompatível com a situação econômica da parte autora. A requerente foi intimada para apresentar documentos que comprovassem a hipossuficiência declarada, tendo acostado os documentos de ID nº xxx e seguintes. \r\nNo entanto, os documentos juntados não comprovam sua hipossuficiência financeira, conforme os parâmetros acima delineados.\r\nPortanto, não vislumbro ser hipótese de que a requerente seja pobre nos termos da Lei, podendo assim arcar com as custas processuais.\r\nDesta feita INDEFIRO o pedido de assistência judiciária gratuita, nos termos da fundamentação.\r\nIncontinenti intime-se a parte autora para efetuar o pagamento das custas processuais, conforme art. 290 do Código de Processo Civil, ou ainda, proceda o pagamento parcelado em 03 (três) vezes, nos termos do art. 98, § 6º do CPC, o que desde já defiro.\r\nIntimem-se. Diligencie-se. Cumpra-se.\r\n'),(10,15,'Decisão - INDEFERE AJG - Pessoa Jurídica','Pretende a parte credora o benefício da gratuidade da justiça.\r\nÉ, no que importa, o sucinto relatório. Decido.\r\nO requerimento de concessão dos benefícios da assistência judiciária gratuita formulado pela parte na exordial não comporta acolhimento.\r\nCom efeito, os benefícios da assistência judiciária gratuita nos termos da Lei nº 1.060/50, aplicavam-se somente à pessoa natural. Entretanto, com o advento do Código de Processo Civil de 2015, o artigo 98 e seguintes passou a prever, expressamente, a possibilidade de concessão de gratuidade da justiça à pessoa jurídica e pessoa física nos seguintes termos:\r\nArt. 98. A pessoa natural ou jurídica, brasileira ou estrangeira, com insuficiência de recursos para pagar as custas, as despesas processuais e os honorários advocatícios tem direito à gratuidade da justiça, na forma da lei.\r\nEm matéria de gratuidade, observa-se que o direito individual, garantido constitucionalmente está prioritariamente voltado à pessoa física, ao necessitado, cuja benesse é imprescindível à garantia de outro direito constitucional, qual seja o acesso à Justiça (art. 5º – XXXV, CF). Essa, inclusive, é a interpretação que se extrai da Lei nº 1.060/50, voltada ao \"necessitado\". O termo foi empregado em relação à pessoa natural que não tem recursos para demandar em juízo, sem prejuízo do \"sustento próprio\" ou da sua \"família\" (art. 2º, § único).\r\nA hipótese, portanto, exige eletiva comprovação do estado de hipossuficiência, segundo a regra artigo art. 5º, LXXIV, da Carta Constitucional:\r\n\"O Estado prestará assistência jurídica integral e gratuita aos que comprovarem insuficiência de recursos.\" (grifei).\r\nNo entanto, a jurisprudência já admitia a extensão do beneficio às pessoas jurídicas, notadamente aquelas de caráter assistencial, desde que demonstrada a impossibilidade de dispor de numerário bastante para os custos da demanda, sendo exigência constitucional a comprovação da escassez de recursos, nos termos do artigo 5º, inciso LXXIV, da Constituição Federal.\r\nDessa forma, ao contrário do que ocorre em relação à pessoa natural, a obtenção deste benefício exige a efetiva demonstração por parte da pessoa jurídica de sua impossibilidade de arcar com as custas processuais, não havendo que se falar em presunção de veracidade de uma eventual declaração de hipossuficiência, consoante se observa da interpretação, a contrario sensu, do art. 99, § 3º, do Código de Processo Civil.\r\nArt. 99. O pedido de gratuidade da justiça pode ser formulado na petição inicial, na contestação, na petição para ingresso de terceiro no processo ou em recurso.\r\n§ 3º Presume-se verdadeira a alegação de insuficiência deduzida exclusivamente por pessoa natural.(grifo nosso)\r\nNesse sentido a jurisprudência, vejamos:\r\nAÇÃO DE INDENIZAÇÃO POR DANOS MORAIS E MATERIAIS PRELIMINAR IMPUGNAÇÃO AO PEDIDO DE ASSISTÊNCIA JUDICIÁRIA GRATUITA REJEITADA EFETIVA DEMONSTRAÇÃO POR PARTE DA PESSOA JURÍDICA DE QUE SE ENCONTRA IMPOSSIBILITADA PARA ARCAR COM AS CUSTAS PROCESSUAIS. 1) O Novo Código de Processo Civil positivou o direito de a pessoa jurídica fazer jus à gratuidade da justiça (art. 98, caput, do CPC/2015), que já era garantido pela Súmula nº 481 do Superior Tribunal de Justiça. Contudo, ao contrário do que ocorre em relação à pessoa natural, a obtenção deste benefício exige a efetiva demonstração por parte da pessoa jurídica de sua impossibilidade de arcar com as custas processuais, não havendo que se falar em presunção de veracidade de uma eventual declaração de hipossuficiência, consoante se observa da interpretação, a contrario sensu, do art. 99, § 3º, do Código de Processo Civil. (TJ-ES - AC: 00157051220158080035, Relator: RONALDO GONÇALVES DE SOUSA, Julgamento: 06/10/2020, TERCEIRA CÂMARA CÍVEL, Publicação: 16/10/2020)\r\nAGRAVO REGIMENTAL. PROCESSUAL CIVIL. ASSISTÊNCIA JUDICIÁRIA GRATUITA. PESSOA JURÍDICA. NECESSIDADE DE COMPROVAÇÃO DE INSUFICIÊNCIA DE RECURSOS. AGRAVO IMPROVIDO. I – A jurisprudência desta Corte é no sentido de que não basta a mera alegação de que é entidade sem fins lucrativos ou beneficente, devendo ser comprovada a insuficiência de recursos, para solicitar a assistência judiciária gratuita. Precedentes. II – Agravo regimental a que se nega provimento. (MS 27857 AgR, Relator (a): RICARDO LEWANDOWSKI (Presidente), Tribunal Pleno, julgado em 11/06/2015, ACÓRDÃO ELETRÔNICO DJe-125 DIVULG 26-06-2015 PUBLIC 29-06-2015)\r\nAGRAVO INTERNO NO AGRAVO EM RECURSO ESPECIAL. PROCESSUAL CIVIL. ASSISTÊNCIA JUDICIÁRIA GRATUITA. INDEFERIMENTO. PESSOA JURÍDICA. HIPOSSUFICIÊNCIA. NÃO COMPROVAÇÃO. REEXAME FÁTICOPROBATÓRIO. IMPOSSIBILIDADE. SÚMULA Nº 7/STJ. [...] 2. Na hipótese, rever as premissas adotadas pelo tribunal de origem, que, a partir das circunstâncias fático-probatórias dos autos, concluiu que a agravante não comprovou a impossibilidade de arcar com o pagamento das custas, despesas processuais e honorários advocatícios, encontra o óbice da Súmula n. 7/STJ. 3. É ônus da pessoa jurídica comprovar os requisitos para a obtenção do benefício da assistência judiciária gratuita, mostrando-se irrelevante a finalidade lucrativa ou não da entidade requerente. 4. Agravo interno não provido. (AgInt no AREsp 1.683.818/SP, Rel. Ministro RICARDO VILLAS BÔAS CUEVA, TERCEIRA TURMA, julgado em 8/2/2021, DJe 12/2/2021.)\r\nAGRAVO INTERNO NO AGRAVO EM RECURSO ESPECIAL. PROCESSUAL CIVIL. DECISÃO DE ADMISSIBILIDADE DO RECURSO ESPECIAL. FUNDAMENTOS IMPUGNADOS. RECONSIDERAÇÃO. GRATUIDADE DE JUSTIÇA. PESSOA JURÍDICA. INEXISTÊNCIA DE PRESUNÇÃO LEGAL FAVORÁVEL. NECESSIDADE DE PROVA DA INSUFICIÊNCIA DE RECURSOS. [...] 2. Nos termos da Súmula 481/STJ, \"faz jus ao benefício da justiça gratuita a pessoa jurídica com ou sem fins lucrativos que demonstrar sua impossibilidade de arcar com os encargos processuais\". Além disso, é relativa a presunção decorrente da declaração de hipossuficiência econômica, sendo possível o indeferimento da gratuidade de justiça quando encontrados elementos que coloquem em dúvida a condição financeira da parte requerente. Precedentes. (AgInt no AREsp 1.714.898/MG, Rel. Ministro RAUL ARAÚJO, QUARTA TURMA, julgado em 7/12/2020, DJe 1/2/2021.)\r\nAlém disso, acerca do tema, o STJ sumulou a questão através do enunciado 481, o qual leciona que: “A pessoa jurídica faz jus ao benefício da assistência judiciária gratuita, desde que comprove sua impossibilidade de arcar com os encargos processuais”.\r\nAdemais, é possível extrair do informativo de jurisprudência nº 441, daquela Corte Especial, uniformizando a orientação jurisprudencial do tema, in verbis:\r\nA Corte Especial, ao conhecer e dar provimento aos embargos de divergência firmou, após sucessivas mudanças de entendimento deste Superior Tribunal, prevalecer sobre a matéria a tese adotada pelo STF, segundo o qual é ônus da pessoa jurídica comprovar os requisitos, para a obtenção do benefício da assistência judiciária gratuita, ou seja, não basta alegar insuficiência de recursos para a obtenção da gratuidade da justiça, como também é irrelevante apurar a finalidade lucrativa da sociedade empresária. A Egrégia Corte Especial, na sessão de 02-08-2010, passou a adotar a tese já consagrada STF, segundo a qual é ônus da pessoa jurídica comprovar os requisitos para a obtenção do benefício da assistência judiciária gratuita, mostrando-se irrelevante a finalidade lucrativa ou não da finalidade lucrativa ou não da entidade requerente.\" (AgRg nos EREsp 1.103.391/RS. Relator Ministro Castro Meira, Corte Especial, j. 28-10-2010). A pessoa jurídica, independentemente de ter fins lucrativos, pode ser beneficiária da gratuidade prevista na Lei n. 1.060/1950, art. 2º, parágrafo único, desde que comprove, concretamente, achar-se em estado de necessidade impeditivo de arcar com as custas e despesas do processo.\" (AgRg no Ag 1.144.057/RS. Relator Ministro Aldir Passarinho Junior, Quarta Turma, j. 03-08-2010). O benefício da justiça gratuita à pessoa jurídica somente concedido em circunstâncias especialíssimas e quando devidamente demonstrada a situação de miserabilidade jurídica. (REsp 550.003/RS. Relatora Ministra Laurita Vaz, Quinta Turma, j. 29-06-2007)\r\nPortanto, tem-se que para a concessão do benefício da gratuidade judiciária, as pessoas jurídicas devem comprovar a situação de necessidade que a impossibilite do pagamento das custas e despesas processuais.\r\nNo caso dos autos, fato é que os documentos juntados pela parte credora (ID n. XXXX) não demonstraram a situação de penúria que alega, posto que incapazes de conferir a adversidade financeira mencionada.\r\nAssim, não se trata de negar acesso à justiça ou criar obstáculo ao livre exercício do direito, mesmo porque o preparo inicial e a antecipação das despesas do processo são providências que também contam com a devida previsão em nosso ordenamento, mas a efetiva aplicação do artigo 98 e seguintes do CPC/2015, impedindo a concessão do benefício a quem não faça jus.\r\nIsto posto, com fundamento no artigo 5º da Lei 1.060/50, INDEFIRO o pedido de gratuidade da justiça, nos termos da fundamentação.\r\nIncontinenti intime-se a parte exequente para efetuar o pagamento das custas processuais, conforme art. 290 do Código de Processo Civil, ou ainda, proceda o pagamento parcelado em 03 (três) vezes, nos termos do art. 98, § 6º do CPC, o que desde já defiro.\r\nIntimem-se. Diligencie-se. Cumpra-se.\r\n'),(11,6,'Com Contestação / Carro Apreendido','Trata-se de ação de busca e apreensão proposta por BANCO TOYOTA DO BRASIL S/A em face de ALOYSIO ZAVARATARIO.\r\n \r\nSustenta a parte autora, em síntese, que celebrou com o requerido Cédula de Crédito Bancário (n. 600195/11), no qual foi concedido ao Requerido um financiamento no valor de R$ 24.103,08 (vinte e quatro mil cento e três reais e oito centavos), para ser restituído em 36 (trinta e seis) prestações mensais, com vencimento entre 01/05/2017 e 01/04/2020.\r\n \r\nAlega que o Requerido fora constituído em mora, por meio de notificação formalizada por carta registrada com aviso de recebimento.\r\n \r\nPugna assim, pelo deferimento da medida liminar de busca e apreensão do bem supracitado; pela procedência do pedido, confirmando a propriedade e a posse exclusiva do bem na mãos da parte Autora, condenando o réu no pagamento das custas, honorários advocatícios e demais cominações de estilo.\r\n \r\nCom a inicial vieram os documentos de fls. 06/68.\r\n \r\nCustas processuais quitadas, conforme certidão de fl. 70.\r\n \r\nDecisão de fl. 71, deferiu a busca e apreensão do veículo.\r\n \r\nAuto de busca apreensão à fl. 74.\r\n \r\nCertidão à fl. 76, o oficial de justiça consignou que não foi possível a citação do réu, em razão do falecimento deste, conforme informado por sua esposa.\r\n \r\nDespacho à fl. 81, determinou que a parte autora promovesse a habilitação processual dos herdeiros.\r\n \r\nDespacho à fl. 86, julgou habilitados os herdeiros indicados às fls. 79, após foi determinada a citação destes.\r\n \r\nContestação às fls. 102/104, em que as herdeiras da parte ré DENISE ZAVARATARIO E DADIA ZAVARATARIO, argumentam que o de cujus não deixou bens a inventariar, consoante as certidões negativas juntadas aos autos, razão pela qual não há como imputar a responsabilidade pela dívida aqui discutida, ao espólio requerido.\r\n \r\nPetição à fl. 125, o requerente pugna que seja determinado que as herdeiras contestantes forneçam nos autos o endereço dos demais herdeiros ainda não citados.\r\n \r\nDespacho à fl. 127, determinou a apresentação de réplica pelo autor, no prazo legal, bem como que as partes indicassem as provas que pretendiam produzir .\r\n \r\nPetição do banco requerente às fls. 130/133, requereu o julgamento antecipado da lide.\r\n \r\nÉ o que importa o sucinto relatório. DECIDO.\r\n \r\nI - DO MÉRITO\r\n1. Do julgamento antecipado do mérito\r\nCompulsando os autos, chego a conclusão que o feito encontra-se pronto para julgamento, na forma do art. 355, inciso I, do CPC, mormente considerando que a matéria fática apresentada já foi devidamente demonstrada pelos documentos que acompanharam a inicial e a contestação.\r\n \r\n2. Do pedido de busca e apreensão do veículo\r\nÉ cediço que a ação de busca e apreensão de bem móvel garantido fiduciariamente tramita sob o procedimento especial disciplinado no Decreto-lei nº 911/69, limitando a controvérsia da matéria acerca da comprovação, ou não, do inadimplemento das parcelas aptas a caracterização da mora do devedor, razão pela qual deixo de apreciar a alegação da Requerida no que tange à incorreção dos juros moratórios cobrados.\r\n\r\nFeitas tais considerações passo a análise do mérito.\r\n\r\nAduz a parte autora que a requerida ficou inadimplente com as parcelas da cédula de crédito bancário vencidas entre 01/08/2017 e 01/04/2020.\r\n\r\nA requerente juntou aos autos, às fls. 61/63, a notificação extrajudicial, bem como o AR cumprido. Desse modo, restou comprovada a mora do requerido nos termos do § 2º, art. 2º do Decreto-Lei nº 911/69, no valor de R$ 26.428,13 (vinte e seis mil quatrocentos e vinte e oito reais e treze centavos), conforme planilha de fls. 64/65.\r\n \r\nNesse diapasão, caracterizada a mora do devedor, é facultado à Instituição Financeira a antecipação do vencimento das parcelas vincendas, conforme o realizado no presente caso, nesse sentido se posicionou nosso Egrégio Tribunal de Justiça, in verbis:\r\n \r\nAPELAÇAO CÍVEL Nº 010.070.013.452APELANTE MÁRCIO DA SILVA CAMARGOAPELADA: B. V. FINANCEIRA S/ACRÉDITO, FINANCIAMENTO E INVESTIMENTORELATOR: DES. ANNIBAL DE REZENDE LIMAACÓRDAOCIVIL E PROCESSUAL CIVIL - APELAÇAO CÍVEL - AÇAO DE BUSCA E APREENSAO - ALIENAÇAO FIDUCIÁRIA - QUITAÇAO PARCIAL DO FINANCIAMENTO - MORA DEBENDI CONFIGURADA - VENCIMENTO ANTECIPADO DAS PARCELAS VINCENDAS - EXCESSO DE COBRANÇA ALEGADO EM MOMENTO PROCESSUAL INOPORTUNO. 1. Não tendo o devedor fiduciante efetuado o depósito, no prazo legalmente admitido, do valor devido, relativamente às parcelas inadimplidas do contrato de financiamento, haverá de ser julgada procedente a ação de busca e apreensão do bem móvel financiado.2. Uma vez caracterizada a mora referente a uma das parcelas vencidas do financiamento, antecipa-se o vencimento de todas as demais (parcelas vincendas), a teor do disposto no 3º, do art. 2º, do Decreto-Lei nº 911/69.3. Quando o devedor fiduciante reputar excessivo o valor cobrado nos autos da ação de busca e apreensão, deve ele (devedor fiduciante) se utilizar do expediente processual previsto no 4º, do art. 3º, do Decreto-Lei nº 911/69.4. Recurso conhecido e desprovido.(TJ-ES - AC: 10070013452 ES 10070013452, Relator: ANNIBAL DE REZENDE LIMA, Data de Julgamento: 18/11/2008, PRIMEIRA CÂMARA CÍVEL, Data de Publicação: 21/01/2009).\r\n \r\nDesse modo, considerando a natureza da ação de busca e apreensão com base no Decreto-Lei 911/69, a meu ver, resta tão somente ao julgador analisar a mora do devedor. Assim, verificada a mora do requerido, bem como a ausência de purgação desta, deve prosperar o pleito autoral.\r\n\r\nOutrossim, consoante se depreende do auto de busca e apreensão colacionado às fls. 74/75, o veículo se encontra apreendido desde 19/12/2018.\r\n\r\nDestarte, as provas constantes dos autos evidenciam o direito reclamado pelo requerente e acarretam as consequências jurídicas necessárias à busca e apreensão do bem dado em alienação fiduciária, com a consequente consolidação da propriedade e da posse plena e exclusiva do bem no patrimônio do credor fiduciário, conforme previsto no §1º, artigo 3º, do Decreto nº. 911/69.\r\n \r\nII - DOS HONORÁRIOS SUCUMBENCIAIS\r\nCom as inovações trazidas pelo Novo Código de Processo Civil, Lei 13.105, que entrou em vigor em 18/03/2016, passou a dispor que:\r\n \r\nArt. 85. A sentença condenará o vencido a pagar honorários ao advogado do vencedor.\r\n§ 1o São devidos honorários advocatícios na reconvenção, no cumprimento de sentença, provisório ou definitivo, na execução, resistida ou não, e nos recursos interpostos, cumulativamente.\r\n§ 2o Os honorários serão fixados entre o mínimo de dez e o máximo de vinte por cento sobre o valor da condenação, do proveito econômico obtido ou, não sendo possível mensurá-lo, sobre o valor atualizado da causa, atendidos:\r\nI - o grau de zelo do profissional;\r\nII - o lugar de prestação do serviço;\r\nIII - a natureza e a importância da causa;\r\nIV - o trabalho realizado pelo advogado e o tempo exigido para o seu serviço.\r\n \r\nAssim, considerando a previsão legal, bem como o tempo de duração do processo, fixo os honorários em 20% (vinte por cento) sobre o valor atualizado da causa.\r\n \r\nIII - DISPOSITIVO\r\nIsto posto, com fundamento no artigo 66 da Lei nº 4728/65 e no artigo 3º, § 5º do Decreto Lei nº 911/69, JULGO PROCEDENTE o pedido autoral, na forma do artigo 487, I, do CPC, tendo como subsistente a liminar de fl. 73 e consolidando a propriedade e a posse plena e exclusiva do bem nas mãos do proprietário fiduciário para todos os legais e jurídicos efeitos.\r\n \r\nTorno definitiva a apreensão liminar do bem.\r\n \r\nCondeno ainda a parte ré ao pagamento de custas processuais e honorários advocatícios, estes que, em atenção aos nortes expostos no art. 85 do CPC, fixo em 20% (vinte por cento) sobre o valor atualizado da causa.\r\n \r\nDILIGÊNCIAS PARA O CARTÓRIO\r\n'),(12,7,'Com Contestação / Carro não Apreendido','Trata-se de Ação De Busca e Apreensão proposta por AYMORÉ CRÉDITO, FINANCIAMENTO E INVESTIMO S/A em face de JOSÉ HENRIQUE CAMPOS, com pedido liminar. \r\nSustenta a parte autora, em síntese, que celebrou com a parte requerida contrato de financiamento nº 20032987514.\r\nEm garantia das obrigações assumidas, o réu transferiu em alienação fiduciária o veículo GM – CHEVROLET/CRUZE, 2015, cor branca, placa FFT4771, chassi 9BGPN69N0FB232624. \r\nSustenta que a parte requerida não cumpriu as obrigações assumidas, deixando de pagar a prestação com vencimento em 01.02.2021, com vencimento das subsequentes.\r\nDeferida medida liminar às fls. 45, não tendo ocorrido a apreensão do bem (fls. 47), muito embora o réu tenha sico citado (fls. 47).\r\nContestação às fls. 51/83, com alegação preliminar de inépcia da inicial mediante falta de documentos. Nas alegações de mérito alega pela possibilidade de ampla defesa em sede de busca e apreensão, também alega a sujeição do caso ao código de defesa do consumidor, iliquidez do crédito apresentado, aplicação de juros remuneratórios acima da taxa de mercado da época da contratação, abusividade ocorrida e violação a preceitos legais.\r\nRéplica às fls. 85/92.\r\nDespacho de fls. 94 intimou as partes para especificar as provas que pretendiam produzir, ambas as partes se mantiveram inertes. \r\nPetição de fls. 96/97 informou que foi diligenciado busca de novo endereço para expedição de mandado.\r\nDespacho de fl. 99/99-v determinou a restrição de circulação do veículo via RENAJUD, a intimação do requerido para comprovar seu direito à gratuidade processual e que os autos fossem conclusos para julgamento. \r\nPetição de fls. 102/103 informou que foi diligenciado busca de novo endereço para expedição de mandado.\r\n\r\nRelatados, decido.\r\nI – DA PRELIMINAR – DOS PRESSUPOSTOS DE CONSTITUIÇÃO E DESENVOLVIDO VÁLIDO E REGULAR DO PROCESSO\r\n\r\n1. Constituição irregular da mora\r\nArgui a parte requerida que a notificação extrajudicial de fls. 11/12, ainda que se amolde aos requisitos exigidos pela lei, não cumpriu com o seu objetivo legal, já que foi recebida por terceiro.\r\nPois bem. Inicialmente constato que a notificação extrajudicial de fls. 11/12 foi enviada para o endereço do devedor indicado no instrumento contratual de fl. 09, tendo sido recebido por terceiro.\r\nAcerca do tema dispõe o artigo 2º, §2º do Decreto-Lei 0911/1964 que a comprovação da mora se dará por carta registrada com aviso de recebimento, não se exigindo que a assinatura constante do referido aviso seja do próprio destinatário, in verbis:\r\nArt. 2o  No caso de inadimplemento ou mora nas obrigações contratuais garantidas mediante alienação fiduciária, o proprietário fiduciário ou credor poderá vender a coisa a terceiros, independentemente de leilão, hasta pública, avaliação prévia ou qualquer outra medida judicial ou extrajudicial, salvo disposição expressa em contrário prevista no contrato, devendo aplicar o preço da venda no pagamento de seu crédito e das despesas decorrentes e entregar ao devedor o saldo apurado, se houver, com a devida prestação de contas. (Redação dada pela Lei nº 13.043, de 2014)\r\n§ 2o A mora decorrerá do simples vencimento do prazo para pagamento e poderá ser comprovada por carta registrada com aviso de recebimento, não se exigindo que a assinatura constante do referido aviso seja a do próprio destinatário. (Redação dada pela Lei nº 13.043, de 2014) (grifo nosso).\r\n \r\nDestaca-se que aguarda julgamento no Superior Tribunal de Justiça o Tema 1132, da sistemática dos Recursos Repetitivos, a fim de “definir se, para a comprovação da mora nos contratos garantidos por alienação fiduciária, é suficiente, ou não, o envio de notificação extrajudicial ao endereço do devedor indicado no instrumento contratual, dispensando-se, por conseguinte, que a assinatura do aviso de recebimento seja do próprio destinatário.”\r\n\r\nNo entanto, houve o levantamento dos pedidos de suspensão dos processos que se enquadram na referida hipótese, razão pela qual até o julgamento final do referido recurso, deve ser aplicado o entendimento até então prevalecente no Tribunal da Cidadania de que se reputa válida a carta enviada para o endereço do devodor, dispensando-se a notificação pessoal, senão vejamos:\r\n\r\nPROCESSUAL CIVIL. AGRAVO INTERNO NO AGRAVO EM RECURSO ESPECIAL. AÇÃO DE BUSCA E APREENSÃO. EMBARGOS DE DECLARAÇÃO. OMISSÃO, CONTRADIÇÃO OU OBSCURIDADE. VIOLAÇÃO DO ART. 1.022 DO CPC/2015. ALIENAÇÃO FIDUCIÁRIA. COMPROVAÇÃO DA MORA DO DEVEDOR. NOTIFICAÇÃO EXTRAJUDICIAL. AVISO DE RECEBIMENTO (AR) COM INFORMAÇÃO \"AUSENTE\". AUSÊNCIA DE COMPROVAÇÃO DO EFETIVO RECEBIMENTO NO ENDEREÇO. REEXAME FÁTICO PROBATÓRIO. IMPOSSIBILIDADE. DECISÃO MANTIDA.\r\n1. Ação de busca e apreensão de bem alienado fiduciariamente.\r\n2. Ausentes os vícios do art. 1.022 do CPC, rejeitam- se os embargos de declaração.\r\n3. A jurisprudência desta Corte é firme no sentido de que, para a busca e apreensão nos contratos de alienação fiduciária, necessária a comprovação da mora por meio da notificação extrajudicial do devedor, realizada por intermédio de carta registrada enviada por Cartório de Títulos e Documentos, com a efetiva entrega da notificação no seu endereço cadastral, apenas dispensando-se a notificação pessoal. Precedentes.\r\n4. O reexame fático probatório é inadmissível em recurso especial.\r\n5. Agravo interno não provido.\r\n(AgInt no AREsp n. 2.119.740/DF, relatora Ministra Nancy Andrighi, Terceira Turma, julgado em 19/9/2022, DJe de 21/9/2022.)\r\nNo mesmo sentido também é a jurisprudência do E. TJES:\r\nACÓRDÃO EMENTA: APELAÇÃO CÍVEL. PROCESSO CIVIL. DECRETO LEI 911/69. AÇÃO DE BUSCA E APREENSÃO. AUSÊNCIA DE COMPROVAÇÃO DA MORA. NOTIFICAÇÃO DEVOLVIDA AO REMETENTE. PROTESTO. NECESSIDADE DE PRÉVIO ESGOTAMENTO DOS MEIOS DE LOCALIZAÇÃO DO DEVEDOR. RECURSO CONHECIDO E DESPROVIDO. I. A Súmula nº 72, do Egrégio Superior Tribunal de Justiça, consagrou o entendimento de que A comprovação da mora é imprescindível à busca e apreensão do bem alienado fiduciariamente, sendo esta, segundo a nova sistemática do artigo 2º, §2º, do Decreto-Lei 911/1968, conferida pela Lei nº 13.043/2014, comprovada pelo envio de carta registrada com aviso de recebimento, sem a necessidade de que a assinatura constante do aviso seja a do próprio destinatário. [...] Vitória, 15 de fevereiro de 2022. PRESIDENTE RELATOR(A) (TJES, Classe: Apelação Cível, 047190067117, Relator : JORGE HENRIQUE VALLE DOS SANTOS, Órgão julgador: TERCEIRA CÂMARA CÍVEL , Data de Julgamento: 15/02/2022, Data da Publicação no Diário: 11/03/2022) \r\n\r\n\r\nDito isto, rejeito a preliminar. \r\n\r\n2. Falta da Cédula de Crédito Original\r\nDefende a parte requerida a ausência de pressupostos de constituição e desenvolvimento válido e regular do processo, nos termos do art. 485, IV, do Código de Processo, uma vez que não foi juntado a cédula de crédito bancário original. \r\nContudo, inexiste tal exigência no Decreto Lei 911/1969, sendo suficiente para instruir a ação de busca e apreensão a cópia digitalizada do contrato, a planilha do débito e a comprovação de constituição do devedor em mora. \r\nAdemais, dispõe o art. 425, VI, do Código de Processo Civil:\r\nArt. 425. Fazem a mesma prova que os originais:\r\n\r\n(...)\r\n\r\nVI - as reproduções digitalizadas de qualquer documento público ou particular, quando juntadas aos autos pelos órgãos da justiça e seus auxiliares, pelo Ministério Público e seus auxiliares, pela Defensoria Pública e seus auxiliares, pelas procuradorias, pelas repartições públicas em geral e por advogados, ressalvada a alegação motivada e fundamentada de adulteração. \r\nAssim, uma vez que a cópia da cédula de crédito bancário juntada aos autos às fls. 07/09 faz a mesma prova do original, não há que se falar em ausência de pressupostos de constituição e desenvolvimento válido do processo. \r\nA propósito, já decidiram os tribunais pátrios:\r\nAPELAÇÃO CÍVEL - AÇÃO DE BUSCA E APREENSÃO - PRELIMINARES - IMPUGNAÇÃO AO VALOR DA CAUSA E AUSÊNCIA DE PRESSUPOSTOS DE CONSTITUIÇÃO E DESENVOLVIMENTO VÁLIDO DO PROCESSO - REJEIÇÃO - CONTESTAÇÃO - ALEGAÇÃO DE ABUSIVIDADE DAS CLÁUSULAS CONTRATUAIS - POSSIBILIDADE - APLICAÇÃO DO CÓDIGO DE DEFESA DO CONSUMIDOR - TARIFA DE REGISTRO - ILEGALIDADE - TARIFA DE AVALIAÇÃO DE BEM - ABUSIVIDADE - SEGURO PRESTAMISTA - VENDA CASADA - NÃO DESCARACTERIZAÇÃO DA MORA - JURISPRUDÊNCIA DO STJ, EM JULGAMENTO REPRESENTATIVO DE CONTROVÉRSIA - PROCEDÊNCIA DO PEDIDO.\r\nTendo vista que o valor atribuído à causa corresponde ao valor das parcelas vencidas e vincendas, impõe-se sua manutenção.\r\nNos termos do art. 425, VI, do CPC, as reproduções digitalizadas fazem a mesma prova que o original, não havendo que se falar em ausência de pressuposto de constituição e desenvolvimento válido do processo em razão da ausência de juntada do contrato original.\r\nAplicam-se os preceitos do Código de Defesa do Consumidor, sendo esta a pacífica orientação jurisprudencial, sedimentada no enunciado da Súmula nº 297 do Superior Tribunal de Justiça.\r\nNo que concerne à tarifa de registro, sua cobrança é legal, ressalvadas a abusividade da cobrança por serviço não efetivamente prestado e possibilidade de controle da onerosidade excessiva, no caso concreto (REsp 1.578.553/SP). Considerando que a instituição financeira não comprovou a efetiva prestação do serviço relativo ao registro do contrato, impõe-se declarar a abusividade da referida cobrança.\r\nQuanto à tarifa de avaliação de bem, sua cobrança é legal, ressalvadas a abusividade da cobrança por serviço não efetivamente prestado e possibilidade de controle da onerosidade excessiva, no caso concreto (REsp 1.578.553/SP). Tendo em vista que a instituição financeira não anexou qualquer documento ou laudo de vistoria que comprove a efetiva prestação do serviço relativo à avaliação do bem, impõe-se declarar a abusi vidade da referida cobrança.\r\nNos termos do julgamento pelo STJ do Recurso Especial repetitivo n. 1.639.259/SP, o consumidor não pode ser compelido a contratar seguro com a instituição financeira ou com seguradora por ela indicada, pois configura venda casada.\r\nMesmo reconhecida a ilegalidade da cobrança de tarifas no contrato, tal fato não afasta a inadimplência do devedor e nem descaracteriza sua mora. Além disso, foi efetuado o pagamento de apenas 18 parcelas das 48 pactuadas.\r\nA jurisprudência do STJ, inclusive sob a ótica do recurso repetitivo, firmou entendimento no sentido de que haverá a descaracterização da mora do devedor apenas nas hipóteses em que for constatada a existência de cobranças abusivas no período da normalidade, no tocante aos juros remuneratórios e sua capitalização mensal.\r\nComprovada a mora do devedor por meio de notificação extrajudicial válida e o inadimplemento da obrigação, a procedência da ação de busca e apreensão é medida que se impõe. (TJMG - Apelação Cível 1.0000.21.196959-7/001, Relator(a): Des.(a) Sérgio André da Fonseca Xavier , 18ª CÂMARA CÍVEL, julgamento em 30/11/2021, publicação da súmula em 30/11/2021) \r\n\r\nAssim, impõe-se a rejeição da preliminar suscitada.\r\n\r\nII – DO MÉRITO\r\nÉ cediço que a Ação de Busca e Apreensão de bem móvel garantido fiduciariamente tramita sob o procedimento especial disciplinado no Decreto-lei nº 911/69, limitando a controvérsia da matéria acerca da comprovação, ou não, do inadimplemento das parcelas aptas a caracterização da mora do devedor.\r\nFeitas tais considerações passo a análise do mérito.\r\n\r\n1. Da Alegação de Impossibilidade de Capitalização dos Juros\r\nSabe-se que nos contratos bancários firmados posteriormente à entrada em vigor da MP n. 1.963-17/2000, reeditada sob o n. 2.170-36/2001, é lícita a capitalização mensal dos juros, desde que expressamente prevista no ajuste.\r\nA previsão, no contrato bancário, de taxa de juros anual superior ao duodécuplo da mensal é suficiente para permitir a cobrança da taxa efetiva anual contratada (Recurso Especial repetitivo n. 973.827/RS).\r\nNo presente caso, vislumbro que o contrato foi firmado em 03/08/2018 e a expressa pactuação da capitalização mensal dos juros remuneratórios está demonstrada através da divergência entre a taxa anual e o duodécuplo da mensal, já que fixadas, respectivamente em 1,84% ao mês e de 24,38% ao ano (fl. 07).\r\nNos termos das Súmulas 539 e 541 do STJ:\r\nSúmula 539: “É permitida a capitalização de juros com periodicidade inferior à anual em contratos celebrados com instituições integrantes do Sistema Financeiro Nacional a partir de 31/3/2000(MP n. 1.963-17/2000, reeditada como MPn.2.170-36/2001),desde que expressamente pactuada.”\r\nSúmula 541: A previsão no contrato bancário de taxa de juros anual superior ao duodécuplo da mensal é suficiente para permitir a cobrança da taxa efetiva anual contratada.\r\nAssim e em consonância com as Sumulas 539 e 541 do Superior Tribunal de Justiça, que regulamenta o tema em debate, tenho por legal a capitalização de juros prevista no contrato em debate.\r\nNeste sentido já se manifestou o Tribunal de Justiça do Estado do Espírito Santo, senão vejamos:\r\n“É lícita a capitalização de juros em contratos celebrados após o dia 31.03.2000, data da publicação da Medida Provisória n. 1.963-17/2000, mas desde que expressamente pactuada, sendo suficiente, para aferi-la, vir pactuado no contrato bancário que a taxa anual de juros é doze vezes a taxa mensal contratada”. (TJES, Classe: Apelação, 004150001891, Relator : SAMUEL MEIRA BRASIL JUNIOR, Órgão julgador: TERCEIRA CÂMARA CÍVEL , Data de Julgamento: 22/10/2019, Data da Publicação no Diário: 01/11/2019).\r\nDesta feita, tenho que não prospera a alegação de ilegalidade da capitalização de juros, sendo, portanto, legítima sua incidência.\r\n\r\n2. Da Alegada Impossibilidade de Cumulação dos Encargos Moratórios\r\nNo que pertine à comissão de permanência, a Segunda Seção do STJ, no julgamento do Resp nº 863.887-RS, consolidou o entendimento de que a comissão de permanência abrange 03 parcelas, a saber, os juros remuneratórios, à taxa média de mercado, nunca superiores àquela contratada para o empréstimo, os juros moratórios e a multa contratual, sob pena de incorrer em bis in idem.\r\nNo mesmo sentido o Ministro Ari Pargendler chegou, inclusive, a classificar de abusiva a comissão calculada em percentual muito acima do cobrado nos juros remuneratórios, não sem antes reforçar a natureza tríplice daquela: “Quer dizer, após o vencimento, a comissão de permanência visa manter, por meio dos juros remuneratórios, a base econômica do negócio, desestimular, mediante os juros de mora, a demora no cumprimento da obrigação e reprimir o inadimplemento pela aplicação da multa contratual.” (AgRg no Resp 1.016.657/RS, Terceira Turma, j. Em 20.05.2008)\r\nNesta senda é o seguinte julgado:\r\nAGRAVO REGIMENTAL NO AGRAVO EM RECURSO ESPECIAL. CUMULAÇÃO DE COBRANÇA DE COMISSÃO DE PERMANÊNCIA COM JUROS DE MORA E MULTA CONTRATUAL. IMPOSSIBILIDADE.\r\n1. É admissível a cobrança de comissão de permanência- tão-somente no período de inadimplência- calculada pela taxa média de mercado apurada pelo Banco Central do Brasil, limitada, contudo, à taxa do contrato, sendo vedada, entretanto, a sua cumulação com juros remuneratórios, correção monetária, juros moratórios ou multa contratual 2. A interposição, nesta Corte, de agravo regimental manifestamente infundado torna forçosa a aplicação da multa prevista no artigo 557, § 2º, do Código de Processo Civil. 3. Agravo regimental não provido, com aplicação de multa. (AgRg no AREsp 50.701/GO, Rel. Ministro LUIS FELIPE SALOMÃO, QUARTA TURMA, julgado em 08/11/2011, DJe 16/11/2011) (grifei)\r\nColaciono ainda, os seguintes verbetes sumular:\r\nSúmula: 30 A comissão de permanência e a correção monetária são inacumuláveis.\r\nSúmula: 296 Os juros remuneratórios, não cumuláveis com a comissão de permanência, são devidos no período de inadimplência, à taxa de média de mercado estipulada pelo Banco Central do Brasil, limitada ao percentual contratado.\r\nDa análise do contrato celebrado entre as partes (fl. 09), não observo a incidência da comissão de permanência, sendo os encargos moratórios limitados a juros remuneratórios, juros moratórios e multa contratual, razão pela qual reputo prejudicado o pedido revisional neste ponto.\r\n\r\n3. Da Inadimplência\r\nConforme o afirmado na exordial, a parte requerida ficou inadimplente com o pagamento da parcela que venceria em 01/01/2021, bem como as subsequentes.\r\nA parte requerente juntou aos autos a notificação extrajudicial da parte requerida (fls. 11/12), devidamente enviada ao endereço do contrato e recebida. Deste modo, resta comprovada a mora do requerido nos termos do §2º, art. 2º do Decreto-Lei nº 911/69, conforme, inclusive, já evidenciado quando da análise da preliminar.\r\nNeste diapasão, caracterizada a mora do devedor, é facultado à instituição financeira a antecipação do vencimento das parcelas vincendas, conforme o realizado no presente caso, nesse sentido se posicionou nosso Egrégio Tribunal de Justiça, in verbis:\r\nAPELAÇAO CÍVEL Nº 010.070.013.452APELANTE MÁRCIO DA SILVA CAMARGOAPELADA: B. V. FINANCEIRA S/ACRÉDITO, FINANCIAMENTO E INVESTIMENTORELATOR: DES. ANNIBAL DE REZENDE LIMAACÓRDAOCIVIL E PROCESSUAL CIVIL - APELAÇAO CÍVEL - AÇAO DE BUSCA E APREENSAO - ALIENAÇAO FIDUCIÁRIA - QUITAÇAO PARCIAL DO FINANCIAMENTO - MORA DEBENDI CONFIGURADA - VENCIMENTO ANTECIPADO DAS PARCELAS VINCENDAS - EXCESSO DE COBRANÇA ALEGADO EM MOMENTO PROCESSUAL INOPORTUNO. 1. Não tendo o devedor fiduciante efetuado o depósito, no prazo legalmente admitido, do valor devido, relativamente às parcelas inadimplidas do contrato de financiamento, haverá de ser julgada procedente a ação de busca e apreensão do bem móvel financiado.2. Uma vez caracterizada a mora referente a uma das parcelas vencidas do financiamento, antecipa-se o vencimento de todas as demais (parcelas vincendas), a teor do disposto no 3º, do art. 2º, do Decreto-Lei nº 911/69.3. Quando o devedor fiduciante reputar excessivo o valor cobrado nos autos da ação de busca e apreensão, deve ele (devedor fiduciante) se utilizar do expediente processual previsto no 4º, do art. 3º, do Decreto-Lei nº 911/69.4. Recurso conhecido e desprovido.(TJ-ES - AC: 10070013452 ES 10070013452, Relator: ANNIBAL DE REZENDE LIMA, Data de Julgamento: 18/11/2008, PRIMEIRA CÂMARA CÍVEL, Data de Publicação: 21/01/2009)\r\nConsiderando pois a natureza da ação de busca e apreensão com base no Decreto-Lei 911/69, a meu ver, resta tão somente ao julgador analisar a mora do devedor. Assim, verificada a mora do requerido, bem como a ausência de quitação do débito no prazo de 05 dias, deve prosperar o pleito autoral.\r\nDestarte, as provas constantes dos autos evidenciam o direito reclamado pelo requerente e acarretam as consequências jurídicas necessárias à busca e apreensão do bem dado em alienação fiduciária, com a consequente consolidação da propriedade e da posse plena e exclusiva do bem no patrimônio do credor fiduciário, conforme previsto no §1º, artigo 3º, do Decreto nº. 911/69.\r\n\r\nIII – DOS HONORÁRIOS ADVOCATÍCIOS\r\nCom as inovações trazidas pelo Novo Código de Processo Civil, Lei 13.105, que entrou em vigor em 18/03/2016, passou a dispor que: \r\n\r\nArt. 85. A sentença condenará o vencido a pagar honorários ao advogado do vencedor. \r\n§ 1o São devidos honorários advocatícios na reconvenção, no cumprimento de sentença, provisório ou definitivo, na execução, resistida ou não, e nos recursos interpostos, cumulativamente.\r\n§ 2o Os honorários serão fixados entre o mínimo de dez e o máximo de vinte por cento sobre o valor da condenação, do proveito econômico obtido ou, não sendo possível mensurá-lo, sobre o valor atualizado da causa, atendidos:\r\nI - o grau de zelo do profissional;\r\nII - o lugar de prestação do serviço;\r\nIII - a natureza e a importância da causa;\r\nIV - o trabalho realizado pelo advogado e o tempo exigido para o seu serviço.\r\n\r\nAssim, considerando a previsão legal, bem como o tempo de duração do processo, fixo os honorários em 10% (dez por cento) sobre o valor dado à causa. \r\n\r\nIV – DISPOSITIVO\r\nIsto posto, JULGO PROCEDENTE O PEDIDO AUTORAL e, por conseguinte, DETERMINO a busca e apreensão do veículo marca GM – CHEVROLET/CRUZE LTZ 1.8 16V FL, 2015, cor branca, placa FFT4771, chassi 9BGPN69N0FB232624.\r\nTorno definitiva a decisão de fls.45.\r\nDeclaro resolvido o mérito na forma do artigo 487, I, do CPC\r\nCONDENO a parte requerida ao pagamento das custas processuais e dos honorários advocatícios que fixo em 10% (dez por cento) sobre o valor dado à causa, na forma do artigo 85, §2º, do CPC.\r\nEm havendo pedido de desentranhamento, fica desde já deferido, mediante reposição por cópia.\r\n\r\nDILIGÊNCIAS PARA O CARTÓRIO\r\nVindo aos autos recurso, deve a secretaria certificar a tempestividade e o preparo para, ao depois, intimar o recorrido para apresentar suas contrarrazões, caso queira, no prazo de 15 (quinze) dias, consoante arts. 1.010, § 1º c/c art. 1.003 e art. 219, todos do CPC. Apresentada resposta ou não, certifique-se e remetam os autos ao Egrégio Tribunal de Justiça do Estado do Espírito Santo, com as cautelas de estilo.\r\nCaso não seja interposto recurso, certifique-se o trânsito em julgado. Após, REMETAM-SE os autos à Contadoria do Juízo para cálculo das custas finais. Se houver, INTIME-SE a parte sucumbente para realizar o recolhimento no prazo de 10 (dez) dias. Caso não seja realizada a quitação das despesas, oficie-se à SEFAZ para fins de inscrição em dívida ativa. Após, arquivem-se os autos.\r\nConsiderando o disposto no Ato Normativo Conjunto nº 007/2022, que determina e regulamenta a conversão dos processos judiciais físicos em trâmite no Poder Judiciário do Estado do Espírito Santo para o meio digital, DETERMINO as seguintes diligências:\r\n1) Remetam-se os autos à Central de Digitalização.\r\n2) Após proceda-se o cadastramento e na sequência, expeça-se certidão no Sistema Pje.\r\n3) Ato contínuo, intimem-se as PARTES para, querendo, proceder a conferência da digitalização, nos termos do art. 17º do Ato Normativo Conj. nº 007/22, podendo os documentos digitalizados serem acessados através do LINK (google drive) anexado em certidão juntada aos autos (PJE).\r\n4) Digitalizado, remetam-se.\r\nPublique-se. Registre-se. Intimem-se. Diligencie-se.\r\n\r\n\r\n'),(13,10,'Modelo Salário','\r\n\r\nD E C I S Ã O\r\nVistos, etc.\r\n			    \r\nAs executadas SUELY FERREIRA CIPRIANO e MARIA DO CARMO CAMPOS FIORIO pleitearam no ID nº 39049507 o desbloqueio dos valores encontrados na pesquisa ao sistema SISBAJUD, sob o fundamento de que foram bloqueados os seus proventos de aposentadoria. \r\n\r\nManifestação da parte Exequente no ID nº 41848331.\r\n\r\nÉ O BREVE RELATÓRIO. DECIDO.\r\n\r\nAcerca da impenhorabilidade de bens e valores, disciplina o Código de Processo Civil que:\r\n\r\nArt. 833. São impenhoráveis:\r\nI - os bens inalienáveis e os declarados, por ato voluntário, não sujeitos à execução;\r\nII - os móveis, os pertences e as utilidades domésticas que guarnecem a residência do executado, salvo os de elevado valor ou os que ultrapassem as necessidades comuns correspondentes a um médio padrão de vida;\r\nIII - os vestuários, bem como os pertences de uso pessoal do executado, salvo se de elevado valor;\r\nIV - os vencimentos, os subsídios, os soldos, os salários, as remunerações, os proventos de aposentadoria, as pensões, os pecúlios e os montepios, bem como as quantias recebidas por liberalidade de terceiro e destinadas ao sustento do devedor e de sua família, os ganhos de trabalhador autônomo e os honorários de profissional liberal, ressalvado o § 2o;\r\nV - os livros, as máquinas, as ferramentas, os utensílios, os instrumentos ou outros bens móveis necessários ou úteis ao exercício da profissão do executado;\r\nVI - o seguro de vida;\r\nVII - os materiais necessários para obras em andamento, salvo se essas forem penhoradas;\r\nVIII - a pequena propriedade rural, assim definida em lei, desde que trabalhada pela família;\r\nIX - os recursos públicos recebidos por instituições privadas para aplicação compulsória em educação, saúde ou assistência social;\r\nX - a quantia depositada em caderneta de poupança, até o limite de 40 (quarenta) salários-mínimos;\r\nXI - os recursos públicos do fundo partidário recebidos por partido político, nos termos da lei;\r\nXII - os créditos oriundos de alienação de unidades imobiliárias, sob regime de incorporação imobiliária, vinculados à execução da obra.\r\n\r\nQuanto à finalidade da impenhorabilidade dos proventos de aposentadoria, é, claramente, a de garantir um mínimo existencial ao devedor, como corolário do princípio da dignidade da pessoa humana. Ademais, trata-se de quantia inferior à 50 (cinquenta) salários mínimos.\r\n\r\nO Egrégio Tribunal de Justiça deste Estado já se manifestou sobre o tema em comento, valendo, a propósito, trazer à colação o seguinte aresto, in litteris:\r\n\r\nAGRAVO DE INSTRUMENTO. AÇÃO CIVIL PÚBLICA POR ATO DE IMPROBIDADE ADMINISTRATIVA. DESCONTOS NO SALÁRIO/SUBSÍDIO. IMPOSSIBILIDADE. 1. - O bloqueio do produto do trabalho, ordinariamente destinado à satisfação de necessidades básicas como alimentação, habitação, transporte, vestuário, educação e saúde, tem potencial para ofender a dignidade da pessoa humana atingida, razão de ser da impenhorabilidade de tal espécie de bem, a teor do disposto no art. 833, inciso IV, do Código de Processo Civil. 2. - Por ser o vencimento verba de caráter alimentar, protegido inclusive contra penhora e abarcado pelo princípio constitucional da dignidade da pessoa humana, é descabida a indisponibilização dos vencimentos do agravante ou de parte deles. 3. - Conquanto inegável a harmonização das normas dos microssistemas do processo civil coletivo, é de ser considerado que a possibilidade de execução por meio de desconto em folha contemplada no art. 14, § 3º, da Lei n. 4.717/1965 (Lei de Ação Popular) pressupõe o trânsito em julgado de decisão condenatória ou, no mínimo, a existência de condenação. 4. - Recurso provido. (TJES, Classe: Agravo de Instrumento, 065199000046, Relator: DAIR JOSÉ BREGUNCE DE OLIVEIRA, Órgão julgador: TERCEIRA CÂMARA CÍVEL , Data de Julgamento: 01/06/2021, Data da Publicação no Diário: 06/07/2021).\r\n\r\nDa análise detida dos autos, verifico que ambas as executadas apresentaram (i) o comprovante de bloqueio das quantias (ID nº 39913799 e nº 41383311); (ii) e que são pensionistas do Instituto de Previdência dos Servidores (ID nº 44146463).\r\n\r\nSabe-se que o objetivo central que comanda todas as impenhorabilidades é o de preservar o mínimo patrimonial indispensável à existência decente do obrigado, sem privá-lo de bens sem os quais sua vida se degradaria a níveis insuportáveis. \r\n\r\nCom efeito, sob a ótica do art. 833, IV, §2º do Código Processual Civil, a penhora não pode recair sobre a remuneração, salário e proventos de aposentadoria percebido pelo devedor, exceto quando a dívida tem natureza alimentícia, ou exceder a importância de 50 salários mínimos mensais, exceção que não se aplica in casu, já que foram bloqueados R$ 1.599,81 (mil, quinhentos e noventa e nove reais e oitenta e um centavos) da executada Suely; e R$ 3.433,67 (três mil, quatrocentos e trinta e três reais e sessenta e sete centavos) da devedora Maria do Carmo Campos Fiorio. \r\n\r\nNesse sentido, já se manifestou o E. TJES:\r\n\r\nACÓRDÃO EMENTA: AGRAVO DE INSTRUMENTO. CUMPRIMENTO DE SENTENÇA. BLOQUEIO/PENHORA ON-LINE . ALEGAÇÃO DE IMPENHORABILIDADE. SALÁRIO E PROVENTOS DE APOSENTADORIA. COMPROVAÇÃO. 1. - Nos termos 833, inciso IV, e § 2º, do Código de Processo Civil, os proventos de aposentadoria são impenhoráveis, exceto para pagamento de pensão alimentícia ou quando a quantia disponível sobejar 50 (cinquenta) salários-mínimos. No caso o agravante logrou demonstrar que o valor bloqueado/penhorado deriva de proventos de aposentadoria e salário. Extrai-se de contracheque e dos extratos apresentados no processo que ele recebe os proventos por meio da Caixa Econômica Federal e salário por serviços realizados como instrutor de autoescola. 2. - Segundo posicionamento do colendo Superior Tribunal de Justiça \'reveste-se de impenhorabilidade a quantia de até quarenta salários mínimos poupada, seja ela mantida em papel moeda, conta-corrente ou aplicada em caderneta de poupança propriamente dita, CDB, RDB ou em fundo de investimentos, desde que a única reserva monetária em nome do recorrente, e ressalvado eventual abuso, má-fé ou fraude, a ser verificado caso a caso, de acordo com as circunstâncias do caso concreto (inciso X)\' (REsp 1.230.060/PR, Relatora Ministra MARIA ISABEL GALLOTTI, SEGUNDA SEÇÃO, julgado em 13/8/2014, DJe de 29/8/2014) (STJ, AgInt no REsp 1833911/RS, Rel. Ministro Raul Araújo,Quarta Turma, DJe: 17-02-2020). 3. - Recurso provido. (TJES, Classe: Agravo de Instrumento, 035199009842, Relator : DAIR JOSÉ BREGUNCE DE OLIVEIRA, Órgão julgador: TERCEIRA CÂMARA CÍVEL , Data de Julgamento: 27/10/2020, Data da Publicação no Diário: 22/01/2021)\r\n\r\nAssim, considerando o caráter da verba, deve ser deferido o pedido em questão no sentido de se liberar em favor das Executadas SUELY FERREIRA CIPRIANO e MARIA DO CARMO CAMPOS FIORIO os valores bloqueados em suas contas bancárias.\r\n\r\nDesta feita, procedo o desbloqueio da quantia, conforme extrato anexo.\r\n\r\nIntimem-se as partes, através dos seus advogados, acerca da presente decisão, bem como para se manifestarem quanto à prescrição na forma do artigo 921, §5º, c/c artigo 10, ambos do CPC.\r\n\r\nApós, havendo ou não manifestação, venham os autos conclusos para decisão.\r\n\r\nIntimem-se. Diligencie-se. Cumpra-se.\r\n\r\nVitória(ES),    /    /2023.\r\n\r\n	   DANIELLE NUNES MARINHO\r\n         Juíza de Direito                                                \r\n\r\n\r\n'),(14,11,'Modelo Proventos de Aposentadoria','\r\n\r\nD E C I S Ã O\r\nVistos, etc.\r\n			    \r\nAs executadas SUELY FERREIRA CIPRIANO e MARIA DO CARMO CAMPOS FIORIO pleitearam no ID nº 39049507 o desbloqueio dos valores encontrados na pesquisa ao sistema SISBAJUD, sob o fundamento de que foram bloqueados os seus proventos de aposentadoria. \r\n\r\nManifestação da parte Exequente no ID nº 41848331.\r\n\r\nÉ O BREVE RELATÓRIO. DECIDO.\r\n\r\nAcerca da impenhorabilidade de bens e valores, disciplina o Código de Processo Civil que:\r\n\r\nArt. 833. São impenhoráveis:\r\nI - os bens inalienáveis e os declarados, por ato voluntário, não sujeitos à execução;\r\nII - os móveis, os pertences e as utilidades domésticas que guarnecem a residência do executado, salvo os de elevado valor ou os que ultrapassem as necessidades comuns correspondentes a um médio padrão de vida;\r\nIII - os vestuários, bem como os pertences de uso pessoal do executado, salvo se de elevado valor;\r\nIV - os vencimentos, os subsídios, os soldos, os salários, as remunerações, os proventos de aposentadoria, as pensões, os pecúlios e os montepios, bem como as quantias recebidas por liberalidade de terceiro e destinadas ao sustento do devedor e de sua família, os ganhos de trabalhador autônomo e os honorários de profissional liberal, ressalvado o § 2o;\r\nV - os livros, as máquinas, as ferramentas, os utensílios, os instrumentos ou outros bens móveis necessários ou úteis ao exercício da profissão do executado;\r\nVI - o seguro de vida;\r\nVII - os materiais necessários para obras em andamento, salvo se essas forem penhoradas;\r\nVIII - a pequena propriedade rural, assim definida em lei, desde que trabalhada pela família;\r\nIX - os recursos públicos recebidos por instituições privadas para aplicação compulsória em educação, saúde ou assistência social;\r\nX - a quantia depositada em caderneta de poupança, até o limite de 40 (quarenta) salários-mínimos;\r\nXI - os recursos públicos do fundo partidário recebidos por partido político, nos termos da lei;\r\nXII - os créditos oriundos de alienação de unidades imobiliárias, sob regime de incorporação imobiliária, vinculados à execução da obra.\r\n\r\nQuanto à finalidade da impenhorabilidade dos proventos de aposentadoria, é, claramente, a de garantir um mínimo existencial ao devedor, como corolário do princípio da dignidade da pessoa humana. Ademais, trata-se de quantia inferior à 50 (cinquenta) salários mínimos.\r\n\r\nO Egrégio Tribunal de Justiça deste Estado já se manifestou sobre o tema em comento, valendo, a propósito, trazer à colação o seguinte aresto, in litteris:\r\n\r\nAGRAVO DE INSTRUMENTO. AÇÃO CIVIL PÚBLICA POR ATO DE IMPROBIDADE ADMINISTRATIVA. DESCONTOS NO SALÁRIO/SUBSÍDIO. IMPOSSIBILIDADE. 1. - O bloqueio do produto do trabalho, ordinariamente destinado à satisfação de necessidades básicas como alimentação, habitação, transporte, vestuário, educação e saúde, tem potencial para ofender a dignidade da pessoa humana atingida, razão de ser da impenhorabilidade de tal espécie de bem, a teor do disposto no art. 833, inciso IV, do Código de Processo Civil. 2. - Por ser o vencimento verba de caráter alimentar, protegido inclusive contra penhora e abarcado pelo princípio constitucional da dignidade da pessoa humana, é descabida a indisponibilização dos vencimentos do agravante ou de parte deles. 3. - Conquanto inegável a harmonização das normas dos microssistemas do processo civil coletivo, é de ser considerado que a possibilidade de execução por meio de desconto em folha contemplada no art. 14, § 3º, da Lei n. 4.717/1965 (Lei de Ação Popular) pressupõe o trânsito em julgado de decisão condenatória ou, no mínimo, a existência de condenação. 4. - Recurso provido. (TJES, Classe: Agravo de Instrumento, 065199000046, Relator: DAIR JOSÉ BREGUNCE DE OLIVEIRA, Órgão julgador: TERCEIRA CÂMARA CÍVEL , Data de Julgamento: 01/06/2021, Data da Publicação no Diário: 06/07/2021).\r\n\r\nDa análise detida dos autos, verifico que ambas as executadas apresentaram (i) o comprovante de bloqueio das quantias (ID nº 39913799 e nº 41383311); (ii) e que são pensionistas do Instituto de Previdência dos Servidores (ID nº 44146463).\r\n\r\nSabe-se que o objetivo central que comanda todas as impenhorabilidades é o de preservar o mínimo patrimonial indispensável à existência decente do obrigado, sem privá-lo de bens sem os quais sua vida se degradaria a níveis insuportáveis. \r\n\r\nCom efeito, sob a ótica do art. 833, IV, §2º do Código Processual Civil, a penhora não pode recair sobre a remuneração, salário e proventos de aposentadoria percebido pelo devedor, exceto quando a dívida tem natureza alimentícia, ou exceder a importância de 50 salários mínimos mensais, exceção que não se aplica in casu, já que foram bloqueados R$ 1.599,81 (mil, quinhentos e noventa e nove reais e oitenta e um centavos) da executada Suely; e R$ 3.433,67 (três mil, quatrocentos e trinta e três reais e sessenta e sete centavos) da devedora Maria do Carmo Campos Fiorio. \r\n\r\nNesse sentido, já se manifestou o E. TJES:\r\n\r\nACÓRDÃO EMENTA: AGRAVO DE INSTRUMENTO. CUMPRIMENTO DE SENTENÇA. BLOQUEIO/PENHORA ON-LINE . ALEGAÇÃO DE IMPENHORABILIDADE. SALÁRIO E PROVENTOS DE APOSENTADORIA. COMPROVAÇÃO. 1. - Nos termos 833, inciso IV, e § 2º, do Código de Processo Civil, os proventos de aposentadoria são impenhoráveis, exceto para pagamento de pensão alimentícia ou quando a quantia disponível sobejar 50 (cinquenta) salários-mínimos. No caso o agravante logrou demonstrar que o valor bloqueado/penhorado deriva de proventos de aposentadoria e salário. Extrai-se de contracheque e dos extratos apresentados no processo que ele recebe os proventos por meio da Caixa Econômica Federal e salário por serviços realizados como instrutor de autoescola. 2. - Segundo posicionamento do colendo Superior Tribunal de Justiça \'reveste-se de impenhorabilidade a quantia de até quarenta salários mínimos poupada, seja ela mantida em papel moeda, conta-corrente ou aplicada em caderneta de poupança propriamente dita, CDB, RDB ou em fundo de investimentos, desde que a única reserva monetária em nome do recorrente, e ressalvado eventual abuso, má-fé ou fraude, a ser verificado caso a caso, de acordo com as circunstâncias do caso concreto (inciso X)\' (REsp 1.230.060/PR, Relatora Ministra MARIA ISABEL GALLOTTI, SEGUNDA SEÇÃO, julgado em 13/8/2014, DJe de 29/8/2014) (STJ, AgInt no REsp 1833911/RS, Rel. Ministro Raul Araújo,Quarta Turma, DJe: 17-02-2020). 3. - Recurso provido. (TJES, Classe: Agravo de Instrumento, 035199009842, Relator : DAIR JOSÉ BREGUNCE DE OLIVEIRA, Órgão julgador: TERCEIRA CÂMARA CÍVEL , Data de Julgamento: 27/10/2020, Data da Publicação no Diário: 22/01/2021)\r\n\r\nAssim, considerando o caráter da verba, deve ser deferido o pedido em questão no sentido de se liberar em favor das Executadas SUELY FERREIRA CIPRIANO e MARIA DO CARMO CAMPOS FIORIO os valores bloqueados em suas contas bancárias.\r\n\r\nDesta feita, procedo o desbloqueio da quantia, conforme extrato anexo.\r\n\r\nIntimem-se as partes, através dos seus advogados, acerca da presente decisão, bem como para se manifestarem quanto à prescrição na forma do artigo 921, §5º, c/c artigo 10, ambos do CPC.\r\n\r\nApós, havendo ou não manifestação, venham os autos conclusos para decisão.\r\n\r\nIntimem-se. Diligencie-se. Cumpra-se.\r\n\r\nVitória(ES),    /    /2023.\r\n\r\n	   DANIELLE NUNES MARINHO\r\n         Juíza de Direito                                                \r\n\r\n\r\n'),(15,12,'Modelo Poupança','PROCESSO Nº: \r\nIMPUGNANTE: \r\nIMPUGNADO:\r\n\r\nD E C I S Ã O\r\nVistos, etc.\r\n			    \r\nTrata-se de pedido de desbloqueio judicial formulado pelo executado FULVIO ESTEFANINI (fls. 216/219, reiterado no ID nº 40847820), alegando, em síntese, a impenhorabilidade dos valores bloqueados por se tratar de verba depositada em conta poupança.\r\n\r\nManifestação da parte Exequente às fls. 221/222, na qual reconhece que há constrição de valores impenhoráveis.\r\n\r\nPois bem. Acerca da impenhorabilidade de bens e valores, disciplina o Código de Processo Civil que:\r\n\r\nArt. 833. São impenhoráveis:\r\nI - os bens inalienáveis e os declarados, por ato voluntário, não sujeitos à execução;\r\nII - os móveis, os pertences e as utilidades domésticas que guarnecem a residência do executado, salvo os de elevado valor ou os que ultrapassem as necessidades comuns correspondentes a um médio padrão de vida;\r\nIII - os vestuários, bem como os pertences de uso pessoal do executado, salvo se de elevado valor;\r\nIV - os vencimentos, os subsídios, os soldos, os salários, as remunerações, os proventos de aposentadoria, as pensões, os pecúlios e os montepios, bem como as quantias recebidas por liberalidade de terceiro e destinadas ao sustento do devedor e de sua família, os ganhos de trabalhador autônomo e os honorários de profissional liberal, ressalvado o § 2o;\r\nV - os livros, as máquinas, as ferramentas, os utensílios, os instrumentos ou outros bens móveis necessários ou úteis ao exercício da profissão do executado;\r\nVI - o seguro de vida;\r\nVII - os materiais necessários para obras em andamento, salvo se essas forem penhoradas;\r\nVIII - a pequena propriedade rural, assim definida em lei, desde que trabalhada pela família;\r\nIX - os recursos públicos recebidos por instituições privadas para aplicação compulsória em educação, saúde ou assistência social;\r\nX - a quantia depositada em caderneta de poupança, até o limite de 40 (quarenta) salários-mínimos;\r\nXI - os recursos públicos do fundo partidário recebidos por partido político, nos termos da lei;\r\nXII - os créditos oriundos de alienação de unidades imobiliárias, sob regime de incorporação imobiliária, vinculados à execução da obra.\r\n\r\nQuanto a finalidade da impenhorabilidade de conta poupança é, claramente, a de garantir um mínimo existencial ao devedor, como corolário do princípio da dignidade da pessoa humana. \r\n\r\nO Egrégio Tribunal de Justiça deste Estado já se manifestou sobre o tema em comento, valendo, a propósito, trazer à colação os seguintes arestos, in litteris:\r\n\r\n“EMENTA: APELAÇÃO CÍVEL. EMBARGOS À EXECUÇÃO FISCAL. PENHORA DE VALORES EM CONTA POUPANÇA. QUANTIA INFERIOR A 40 SALÁRIOS MÍNIMOS. IMPOSSIBILIDADE. ALEGAÇÃO DE DESVIRTUAMENTO DA CONTA POUPANÇA. NÃO COMPROVAÇÃO. RECURSO CONHECIDO E DESPROVIDO 1. Consoante clara dicção do artigo 833, inciso X, do CPC, é impenhorável a quantia inferior a 40 (quarenta) salários-mínimos, depositada em caderneta de poupança. 2. Na espécie, conforme ofício do Banco do Brasil S/A acostado aos autos, os valores, objeto de constrição pelo Bacenjud, eram oriundos da conta poupança nº 510019372-3, de titularidade do embargante Cláudio Marques Fernandes. Ademais, houve bloqueio de um montante de R$ 2.832,62 (dois mil, oitocentos e trinta e dois reais e sessenta e dois centavos), ou seja, de um valor inferior ao limite de 40 (quarenta) salários-mínimos, o que atrai a regra de impenhorabilidade, insculpida no artigo 833, inciso X do CPC. 3. No tocante às alegações sobre as ausências de provas de que a conta era utilizada efetivamente como conta poupança, inexistem elementos mínimos nos autos, notadamente nos extratos bancários juntados pela instituição financeira, que demonstrem o desvirtuamento da conta poupança ou mesmo movimentações bancárias atípicas, devendo ser mantida a impenhorabilidade dos valores nela depositados. 4. Recurso conhecido e desprovido. (TJES, Classe: Apelação Cível, 021180072627, Relator: TELEMACO ANTUNES DE ABREU FILHO - Relator Substituto : MARCELO MENEZES LOUREIRO, Órgão julgador: TERCEIRA CÂMARA CÍVEL , Data de Julgamento: 09/02/2021, Data da Publicação no Diário: 02/07/2021)”\r\n\r\nDos documentos juntados pela executada, entendo que restou devidamente comprovado que a quantia de R$ 6.402,04 (seis mil, quatrocentos e dois reais e quatro centavos), foram bloqueadas em sua conta poupança do Sicoob, conforme extrato de fl. 219.\r\n\r\nRegistro ainda que, em sua manifestação, a parte Exequente reconhece que há restrição de valores impenhoráveis, conforme sse vê às fls. 221/222.\r\n\r\nAssim, considerando o caráter da verba, bloqueada na conta poupança do executado, no montante de R$ 6.402,04 (seis mil, quatrocentos e dois reais e quatro centavos), ou seja, inferior à 40 (quarenta) salários mínimos, o que atrai a regra da impenhorabilidade insculpida no artigo 833, inciso X, do CPC, a quantia deverá ser liberada em favor do executado. \r\n\r\nProcedo o imediato desbloqueio da quantia, conforme extrato anexo.\r\n\r\nPor derradeiro, considerando a petição de ID nº 41199244, remetam-se os autos ao arquivo provisório, na forma do art. 921, § 1º, do CPC/15, pelo prazo de 01 (um) ano.\r\n\r\nFindo o prazo, intime-se a parte Exequente para requerer o que entender de direito, no prazo de 15 (quinze) dias. \r\n\r\nVitória(ES),    /    /2021.\r\n\r\n	   DANIELLE NUNES MARINHO\r\n         Juíza de Direito                                                 '),(16,13,'Modelo Quantia Recebida por Liberalidade de Terceiro','\r\n\r\nD E C I S Ã O\r\nVistos, etc.\r\n			    \r\nA executada MAYARA MORETO LUCIDATO pleiteou no ID nº 33500399 o desbloqueio dos valores encontrados na pesquisa ao sistema SISBAJUD, sob o fundamento que encontra-se desempregada e a quantia bloqueada foi recebida por liberalidade de terceiro a fim de auxiliá-la no seu sustento e de sua família.\r\n\r\nManifestação da parte Exequente no ID nº 42690685.\r\n\r\nÉ O BREVE RELATÓRIO. DECIDO.\r\n\r\nAcerca da impenhorabilidade de bens e valores, disciplina o Código de Processo Civil que:\r\n\r\nArt. 833. São impenhoráveis:\r\nI - os bens inalienáveis e os declarados, por ato voluntário, não sujeitos à execução;\r\nII - os móveis, os pertences e as utilidades domésticas que guarnecem a residência do executado, salvo os de elevado valor ou os que ultrapassem as necessidades comuns correspondentes a um médio padrão de vida;\r\nIII - os vestuários, bem como os pertences de uso pessoal do executado, salvo se de elevado valor;\r\nIV - os vencimentos, os subsídios, os soldos, os salários, as remunerações, os proventos de aposentadoria, as pensões, os pecúlios e os montepios, bem como as quantias recebidas por liberalidade de terceiro e destinadas ao sustento do devedor e de sua família, os ganhos de trabalhador autônomo e os honorários de profissional liberal, ressalvado o § 2o;\r\nV - os livros, as máquinas, as ferramentas, os utensílios, os instrumentos ou outros bens móveis necessários ou úteis ao exercício da profissão do executado;\r\nVI - o seguro de vida;\r\nVII - os materiais necessários para obras em andamento, salvo se essas forem penhoradas;\r\nVIII - a pequena propriedade rural, assim definida em lei, desde que trabalhada pela família;\r\nIX - os recursos públicos recebidos por instituições privadas para aplicação compulsória em educação, saúde ou assistência social;\r\nX - a quantia depositada em caderneta de poupança, até o limite de 40 (quarenta) salários-mínimos;\r\nXI - os recursos públicos do fundo partidário recebidos por partido político, nos termos da lei;\r\nXII - os créditos oriundos de alienação de unidades imobiliárias, sob regime de incorporação imobiliária, vinculados à execução da obra.\r\n\r\nQuanto à finalidade da impenhorabilidade das quantias recebidas por liberalidade de terceiros e destinadas ao sustento do devedor e sua família, é, claramente, a de garantir um mínimo existencial ao devedor, como corolário do princípio da dignidade da pessoa humana. Ademais, trata-se de quantia inferior à 50 (cinquenta) salários mínimos.\r\n\r\nO Egrégio Tribunal de Justiça deste Estado já se manifestou sobre o tema em comento, valendo, a propósito, trazer à colação o seguinte aresto, in litteris:\r\n\r\nAGRAVO DE INSTRUMENTO. AÇÃO CIVIL PÚBLICA POR ATO DE IMPROBIDADE ADMINISTRATIVA. DESCONTOS NO SALÁRIO/SUBSÍDIO. IMPOSSIBILIDADE. 1. - O bloqueio do produto do trabalho, ordinariamente destinado à satisfação de necessidades básicas como alimentação, habitação, transporte, vestuário, educação e saúde, tem potencial para ofender a dignidade da pessoa humana atingida, razão de ser da impenhorabilidade de tal espécie de bem, a teor do disposto no art. 833, inciso IV, do Código de Processo Civil. 2. - Por ser o vencimento verba de caráter alimentar, protegido inclusive contra penhora e abarcado pelo princípio constitucional da dignidade da pessoa humana, é descabida a indisponibilização dos vencimentos do agravante ou de parte deles. 3. - Conquanto inegável a harmonização das normas dos microssistemas do processo civil coletivo, é de ser considerado que a possibilidade de execução por meio de desconto em folha contemplada no art. 14, § 3º, da Lei n. 4.717/1965 (Lei de Ação Popular) pressupõe o trânsito em julgado de decisão condenatória ou, no mínimo, a existência de condenação. 4. - Recurso provido. (TJES, Classe: Agravo de Instrumento, 065199000046, Relator: DAIR JOSÉ BREGUNCE DE OLIVEIRA, Órgão julgador: TERCEIRA CÂMARA CÍVEL , Data de Julgamento: 01/06/2021, Data da Publicação no Diário: 06/07/2021).\r\n\r\nDa análise detida dos autos, verifico que a executada apresentou comprovante de bloqueio da quantia de R$ 200,00 (duzentos reais) na sua conta do Banco Santander, conforme se extrai do documento de ID nº 33501911 e nº 33501908.\r\n\r\nSabe-se que o objetivo central que comanda todas as impenhorabilidades é o de preservar o mínimo patrimonial indispensável à existência decente do obrigado, sem privá-lo de bens sem os quais sua vida se degradaria a níveis insuportáveis. \r\n\r\nCom efeito, sob a ótica do art. 833, IV, §2º do Código Processual Civil, a penhora não pode recair sobre as quantias recebidas por liberalidade de terceiro e destinadas ao sustento do devedor e de sua família, exceto quando a dívida tem natureza alimentícia, ou exceder a importância de 50 salários mínimos mensais, exceção que não se aplica in casu, já que foram bloqueados R$ 201,00 (duzentos e um reais).\r\n\r\nNesse sentido, já se manifestou o E. TJES:\r\n\r\nACÓRDÃO EMENTA: AGRAVO DE INSTRUMENTO. CUMPRIMENTO DE SENTENÇA. BLOQUEIO/PENHORA ON-LINE . ALEGAÇÃO DE IMPENHORABILIDADE. SALÁRIO E PROVENTOS DE APOSENTADORIA. COMPROVAÇÃO. 1. - Nos termos 833, inciso IV, e § 2º, do Código de Processo Civil, os proventos de aposentadoria são impenhoráveis, exceto para pagamento de pensão alimentícia ou quando a quantia disponível sobejar 50 (cinquenta) salários-mínimos. No caso o agravante logrou demonstrar que o valor bloqueado/penhorado deriva de proventos de aposentadoria e salário. Extrai-se de contracheque e dos extratos apresentados no processo que ele recebe os proventos por meio da Caixa Econômica Federal e salário por serviços realizados como instrutor de autoescola. 2. - Segundo posicionamento do colendo Superior Tribunal de Justiça \'reveste-se de impenhorabilidade a quantia de até quarenta salários mínimos poupada, seja ela mantida em papel moeda, conta-corrente ou aplicada em caderneta de poupança propriamente dita, CDB, RDB ou em fundo de investimentos, desde que a única reserva monetária em nome do recorrente, e ressalvado eventual abuso, má-fé ou fraude, a ser verificado caso a caso, de acordo com as circunstâncias do caso concreto (inciso X)\' (REsp 1.230.060/PR, Relatora Ministra MARIA ISABEL GALLOTTI, SEGUNDA SEÇÃO, julgado em 13/8/2014, DJe de 29/8/2014) (STJ, AgInt no REsp 1833911/RS, Rel. Ministro Raul Araújo,Quarta Turma, DJe: 17-02-2020). 3. - Recurso provido. (TJES, Classe: Agravo de Instrumento, 035199009842, Relator : DAIR JOSÉ BREGUNCE DE OLIVEIRA, Órgão julgador: TERCEIRA CÂMARA CÍVEL , Data de Julgamento: 27/10/2020, Data da Publicação no Diário: 22/01/2021)\r\n\r\nAssim, considerando o caráter da verba, deve ser deferido o pedido em questão no sentido de se liberar em favor da Executada MAYARA MORETO LUCIDATO os valores bloqueados em suas contas bancárias.\r\n\r\nDesta feita, procedo o desbloqueio da quantia, conforme extrato anexo.\r\n\r\nIntimem-se as partes, através dos seus advogados, acerca da presente decisão, bem como para se manifestarem quanto à prescrição na forma do artigo 921, §5º, c/c artigo 10, ambos do CPC.\r\n\r\nApós, havendo ou não manifestação, venham os autos conclusos para decisão.\r\n\r\nIntimem-se. Diligencie-se. Cumpra-se.\r\n\r\nVitória(ES),    /    /2023.\r\n\r\n	   DANIELLE NUNES MARINHO\r\n         Juíza de Direito                                                \r\n\r\n\r\n'),(17,16,'Intimação - Pessoa Física',NULL),(18,17,'Intimação - Pessoa Jurídica',NULL),(33,0,'safsafsafsafsafsaf','fsafsafsafsafsafas'),(34,0,'sfasfsaf','safsafsafaf'),(35,0,'sfasfsaf','safsafsafaf'),(36,0,'sfasfsaf','safsafsafaf'),(37,0,'sfasfsaf','safsafsafaf'),(38,0,'sfasfsaf','safsafsafaf'),(39,0,'sfasfsaf','safsafsafaf');
/*!40000 ALTER TABLE `modelo` ENABLE KEYS */;
UNLOCK TABLES;

--
-- Table structure for table `password_reset_tokens`
--

DROP TABLE IF EXISTS `password_reset_tokens`;
/*!40101 SET @saved_cs_client     = @@character_set_client */;
/*!40101 SET character_set_client = utf8 */;
CREATE TABLE `password_reset_tokens` (
  `email` varchar(255) NOT NULL,
  `token` varchar(255) NOT NULL,
  `created_at` timestamp NULL DEFAULT NULL,
  PRIMARY KEY (`email`)
) ENGINE=InnoDB DEFAULT CHARSET=utf8mb4 COLLATE=utf8mb4_unicode_ci;
/*!40101 SET character_set_client = @saved_cs_client */;

--
-- Dumping data for table `password_reset_tokens`
--

LOCK TABLES `password_reset_tokens` WRITE;
/*!40000 ALTER TABLE `password_reset_tokens` DISABLE KEYS */;
/*!40000 ALTER TABLE `password_reset_tokens` ENABLE KEYS */;
UNLOCK TABLES;

--
-- Table structure for table `processos`
--

DROP TABLE IF EXISTS `processos`;
/*!40101 SET @saved_cs_client     = @@character_set_client */;
/*!40101 SET character_set_client = utf8 */;
CREATE TABLE `processos` (
  `id` int(11) NOT NULL AUTO_INCREMENT,
  `numero` varchar(255) NOT NULL,
  `statusprocesso` int(11) NOT NULL,
  PRIMARY KEY (`id`)
) ENGINE=InnoDB AUTO_INCREMENT=9 DEFAULT CHARSET=utf8mb4 COLLATE=utf8mb4_general_ci;
/*!40101 SET character_set_client = @saved_cs_client */;

--
-- Dumping data for table `processos`
--

LOCK TABLES `processos` WRITE;
/*!40000 ALTER TABLE `processos` DISABLE KEYS */;
INSERT INTO `processos` VALUES (1,'00316120325315080125',1),(2,'00572432720028080035',1),(3,'00250189820138080024',2),(4,'00370840320198080024',3);
/*!40000 ALTER TABLE `processos` ENABLE KEYS */;
UNLOCK TABLES;

--
-- Table structure for table `sessions`
--

DROP TABLE IF EXISTS `sessions`;
/*!40101 SET @saved_cs_client     = @@character_set_client */;
/*!40101 SET character_set_client = utf8 */;
CREATE TABLE `sessions` (
  `id` varchar(255) NOT NULL,
  `user_id` bigint(20) unsigned DEFAULT NULL,
  `ip_address` varchar(45) DEFAULT NULL,
  `user_agent` text DEFAULT NULL,
  `payload` longtext NOT NULL,
  `last_activity` int(11) NOT NULL,
  PRIMARY KEY (`id`),
  KEY `sessions_user_id_index` (`user_id`),
  KEY `sessions_last_activity_index` (`last_activity`)
) ENGINE=InnoDB DEFAULT CHARSET=utf8mb4 COLLATE=utf8mb4_unicode_ci;
/*!40101 SET character_set_client = @saved_cs_client */;

--
-- Dumping data for table `sessions`
--

LOCK TABLES `sessions` WRITE;
/*!40000 ALTER TABLE `sessions` DISABLE KEYS */;
INSERT INTO `sessions` VALUES ('1EvLwG8qLy84R2dXwguSoY0nKjtg1W4DWZ5f1KHt',1,'127.0.0.1','Mozilla/5.0 (Windows NT 10.0; Win64; x64) AppleWebKit/537.36 (KHTML, like Gecko) Chrome/140.0.0.0 Safari/537.36','YTo2OntzOjY6Il90b2tlbiI7czo0MDoiaVY4M2tDbHBlOU10VkhPa0V2OG9JTzVaRVd6UWF3bjFYNlJJdWVGTyI7czozOiJ1cmwiO2E6MDp7fXM6OToiX3ByZXZpb3VzIjthOjE6e3M6MzoidXJsIjtzOjI3OiJodHRwOi8vMTI3LjAuMC4xOjgwMDAvYWRtaW4iO31zOjY6Il9mbGFzaCI7YToyOntzOjM6Im9sZCI7YTowOnt9czozOiJuZXciO2E6MDp7fX1zOjUwOiJsb2dpbl93ZWJfNTliYTM2YWRkYzJiMmY5NDAxNTgwZjAxNGM3ZjU4ZWE0ZTMwOTg5ZCI7aToxO3M6MTc6InBhc3N3b3JkX2hhc2hfd2ViIjtzOjYwOiIkMnkkMTIkRXllY1F0ZWpOaUc0ZDA1NTRwUTdoLnF3V1FraTNkTWlsb09GcTQ3NHhsT3FCWGNLMWJiU2EiO30=',1757693722),('nEj4EMIh2hIh9DHhqd54RaeDDGOxeNAbcHVudObc',NULL,'127.0.0.1','Mozilla/5.0 (Windows NT 10.0; Win64; x64) AppleWebKit/537.36 (KHTML, like Gecko) Chrome/140.0.0.0 Safari/537.36','YTo0OntzOjY6Il90b2tlbiI7czo0MDoib1VXUnhtQWlXT3IxVnBNZnhTRkJRQTNrT2NVOTFRT216a2d5MVJuSiI7czozOiJ1cmwiO2E6MTp7czo4OiJpbnRlbmRlZCI7czoyNzoiaHR0cDovLzEyNy4wLjAuMTo4MDAwL2FkbWluIjt9czo5OiJfcHJldmlvdXMiO2E6MTp7czozOiJ1cmwiO3M6MzM6Imh0dHA6Ly8xMjcuMC4wLjE6ODAwMC9hZG1pbi9sb2dpbiI7fXM6NjoiX2ZsYXNoIjthOjI6e3M6Mzoib2xkIjthOjA6e31zOjM6Im5ldyI7YTowOnt9fX0=',1757697184),('UnzQjpu3aP31OCmGK6hKkm0XxECklxjTjPPbH1yR',1,'127.0.0.1','Mozilla/5.0 (Windows NT 10.0; Win64; x64) AppleWebKit/537.36 (KHTML, like Gecko) Chrome/140.0.0.0 Safari/537.36','YTo2OntzOjY6Il90b2tlbiI7czo0MDoiTUNxV1VycUlzazJlaWdjVHJhZjJreU4yS1NJOTF4eEtGRE1PSW9hNyI7czo5OiJfcHJldmlvdXMiO2E6MTp7czozOiJ1cmwiO3M6Mjc6Imh0dHA6Ly8xMjcuMC4wLjE6ODAwMC9hZG1pbiI7fXM6NjoiX2ZsYXNoIjthOjI6e3M6Mzoib2xkIjthOjA6e31zOjM6Im5ldyI7YTowOnt9fXM6MzoidXJsIjthOjA6e31zOjUwOiJsb2dpbl93ZWJfNTliYTM2YWRkYzJiMmY5NDAxNTgwZjAxNGM3ZjU4ZWE0ZTMwOTg5ZCI7aToxO3M6MTc6InBhc3N3b3JkX2hhc2hfd2ViIjtzOjYwOiIkMnkkMTIkRXllY1F0ZWpOaUc0ZDA1NTRwUTdoLnF3V1FraTNkTWlsb09GcTQ3NHhsT3FCWGNLMWJiU2EiO30=',1757697214);
/*!40000 ALTER TABLE `sessions` ENABLE KEYS */;
UNLOCK TABLES;

--
-- Table structure for table `statusprocesso`
--

DROP TABLE IF EXISTS `statusprocesso`;
/*!40101 SET @saved_cs_client     = @@character_set_client */;
/*!40101 SET character_set_client = utf8 */;
CREATE TABLE `statusprocesso` (
  `id` int(11) NOT NULL AUTO_INCREMENT,
  `descricao` varchar(255) DEFAULT NULL,
  PRIMARY KEY (`id`)
) ENGINE=InnoDB AUTO_INCREMENT=5 DEFAULT CHARSET=utf8 COLLATE=utf8_general_ci;
/*!40101 SET character_set_client = @saved_cs_client */;

--
-- Dumping data for table `statusprocesso`
--

LOCK TABLES `statusprocesso` WRITE;
/*!40000 ALTER TABLE `statusprocesso` DISABLE KEYS */;
INSERT INTO `statusprocesso` VALUES (1,'Petição Inicial'),(2,'Busca e Apreensão'),(3,'Impugnacão à Penhora - SISBAJUD');
/*!40000 ALTER TABLE `statusprocesso` ENABLE KEYS */;
UNLOCK TABLES;

--
-- Table structure for table `users`
--

DROP TABLE IF EXISTS `users`;
/*!40101 SET @saved_cs_client     = @@character_set_client */;
/*!40101 SET character_set_client = utf8 */;
CREATE TABLE `users` (
  `id` bigint(20) unsigned NOT NULL AUTO_INCREMENT,
  `name` varchar(255) NOT NULL,
  `email` varchar(255) NOT NULL,
  `email_verified_at` timestamp NULL DEFAULT NULL,
  `password` varchar(255) NOT NULL,
  `remember_token` varchar(100) DEFAULT NULL,
  `created_at` timestamp NULL DEFAULT NULL,
  `updated_at` timestamp NULL DEFAULT NULL,
  PRIMARY KEY (`id`),
  UNIQUE KEY `users_email_unique` (`email`)
) ENGINE=InnoDB AUTO_INCREMENT=4 DEFAULT CHARSET=utf8mb4 COLLATE=utf8mb4_unicode_ci;
/*!40101 SET character_set_client = @saved_cs_client */;

--
-- Dumping data for table `users`
--

LOCK TABLES `users` WRITE;
/*!40000 ALTER TABLE `users` DISABLE KEYS */;
INSERT INTO `users` VALUES (1,'enzo','enzo@enzo.com',NULL,'$2y$12$EyecQtejNiG4d0554pQ7h.qwWQki3dMiloOFq474xlOqBXcK1bbSa','DY12t4u0hfmiZcYSuenq8DD2oucj6t9I9W5hIPBX4t6h6Sc1WkaHnyk9rvrr','2025-09-02 20:36:24','2025-09-02 20:36:24'),(2,'enzo','enzo@gmail.com',NULL,'$2y$12$wuln8/j/xagyVJuby4.Cle33P9.5VpOeKMeKLRf0NjpZ4iYEZu3Y2','bLvJLC5vlijd9AYHRdjHdrt2UAQl9Ma7ampe8OZczwdMdQ6uafbLwCZUt0Lk','2025-09-05 19:19:00','2025-09-05 19:19:00'),(3,'Enzo','enzoo@gmail.com',NULL,'$2y$12$UpMLDp/2nffWhCUc000Jt.Kn4xJaH5DRW.uoHeVIc3V1QaCZOGIXm','SmOBdQWIXmE0G2S0fu5yC1FT1MPTK57D1tzvvx681TJSzekFnTOHKFc6v9Hv','2025-09-12 00:46:03','2025-09-12 00:46:03');
/*!40000 ALTER TABLE `users` ENABLE KEYS */;
UNLOCK TABLES;
/*!40103 SET TIME_ZONE=@OLD_TIME_ZONE */;

/*!40101 SET SQL_MODE=@OLD_SQL_MODE */;
/*!40014 SET FOREIGN_KEY_CHECKS=@OLD_FOREIGN_KEY_CHECKS */;
/*!40014 SET UNIQUE_CHECKS=@OLD_UNIQUE_CHECKS */;
/*!40101 SET CHARACTER_SET_CLIENT=@OLD_CHARACTER_SET_CLIENT */;
/*!40101 SET CHARACTER_SET_RESULTS=@OLD_CHARACTER_SET_RESULTS */;
/*!40101 SET COLLATION_CONNECTION=@OLD_COLLATION_CONNECTION */;
/*!40111 SET SQL_NOTES=@OLD_SQL_NOTES */;

-- Dump completed on 2025-09-15 16:34:09
